// 4.25.0 0x36b42177 D2 AY R0 FARGB8888 U565 N0 SExtFlashSection
// Generated by imageconverter. Please, do not edit!

#include <touchgfx/hal/Config.hpp>

LOCATION_PRAGMA("ExtFlashSection")
KEEP extern const unsigned char image_space_helmet[] LOCATION_ATTRIBUTE("ExtFlashSection") = { // 128x64 ARGB8888 pixels.
    0x00, 0x00, 0x00, 0x00, 0x00, 0x00, 0x00, 0x00, 0x00, 0x00, 0x00, 0x00,
    0x00, 0x00, 0x00, 0x00, 0x00, 0x00, 0x00, 0x00, 0x00, 0x00, 0x00, 0x00,
    0x00, 0x00, 0x00, 0x00, 0x00, 0x00, 0x00, 0x00, 0x00, 0x00, 0x00, 0x00,
    0x00, 0x00, 0x00, 0x00, 0x00, 0x00, 0x00, 0x00, 0x00, 0x00, 0x00, 0x00,
    0x00, 0x00, 0x00, 0x00, 0x00, 0x00, 0x00, 0x00, 0x00, 0x00, 0x00, 0x00,
    0x00, 0x00, 0x00, 0x00, 0x00, 0x00, 0x00, 0x00, 0x00, 0x00, 0x00, 0x00,
    0x00, 0x00, 0x00, 0x00, 0x00, 0x00, 0x00, 0x00, 0x00, 0x00, 0x00, 0x00,
    0x00, 0x00, 0x00, 0x00, 0x00, 0x00, 0x00, 0x00, 0x00, 0x00, 0x00, 0x00,
    0x00, 0x00, 0x00, 0x00, 0x00, 0x00, 0x00, 0x00, 0x00, 0x00, 0x00, 0x00,
    0x00, 0x00, 0x00, 0x00, 0x00, 0x00, 0x00, 0x00, 0x00, 0x00, 0x00, 0x00,
    0x00, 0x00, 0x00, 0x00, 0x00, 0x00, 0x00, 0x00, 0x00, 0x00, 0x00, 0x00,
    0x00, 0x00, 0x00, 0x00, 0x00, 0x00, 0x00, 0x00, 0x00, 0x00, 0x00, 0x00,
    0x00, 0x00, 0x00, 0x00, 0x00, 0x00, 0x00, 0x00, 0x00, 0x00, 0x00, 0x00,
    0x00, 0x00, 0x00, 0x00, 0x00, 0x00, 0x00, 0x00, 0x00, 0x00, 0x00, 0x00,
    0x00, 0x00, 0x00, 0x00, 0x00, 0x00, 0x00, 0x00, 0x00, 0x00, 0x00, 0x00,
    0x00, 0x00, 0x00, 0x00, 0x60, 0x00, 0x00, 0xff, 0x60, 0x00, 0x00, 0xff,
    0x60, 0x00, 0x00, 0xff, 0x60, 0x00, 0x00, 0xff, 0x60, 0x00, 0x00, 0xff,
    0x60, 0x00, 0x00, 0xff, 0x60, 0x00, 0x00, 0xff, 0x60, 0x00, 0x00, 0xff,
    0x60, 0x00, 0x00, 0xff, 0x60, 0x00, 0x00, 0xff, 0x60, 0x00, 0x00, 0xff,
    0x60, 0x00, 0x00, 0xff, 0x60, 0x00, 0x00, 0xff, 0x60, 0x00, 0x00, 0xff,
    0x60, 0x00, 0x00, 0xff, 0x60, 0x00, 0x00, 0xff, 0x60, 0x00, 0x00, 0xff,
    0x60, 0x00, 0x00, 0xff, 0x60, 0x00, 0x00, 0xff, 0x60, 0x00, 0x00, 0xff,
    0x60, 0x00, 0x00, 0xff, 0x60, 0x00, 0x00, 0xff, 0x60, 0x00, 0x00, 0xff,
    0x60, 0x00, 0x00, 0xff, 0x60, 0x00, 0x00, 0xff, 0x60, 0x00, 0x00, 0xff,
    0x60, 0x00, 0x00, 0xff, 0x60, 0x00, 0x00, 0xff, 0x60, 0x00, 0x00, 0xff,
    0x60, 0x00, 0x00, 0xff, 0x60, 0x00, 0x00, 0xff, 0x60, 0x00, 0x00, 0xff,
    0x60, 0x00, 0x00, 0xff, 0x60, 0x00, 0x00, 0xff, 0x60, 0x00, 0x00, 0xff,
    0x60, 0x00, 0x00, 0xff, 0x00, 0x00, 0x00, 0x00, 0x00, 0x00, 0x00, 0x00,
    0x00, 0x00, 0x00, 0x00, 0x00, 0x00, 0x00, 0x00, 0x00, 0x00, 0x00, 0x00,
    0x00, 0x00, 0x00, 0x00, 0x00, 0x00, 0x00, 0x00, 0x00, 0x00, 0x00, 0x00,
    0x00, 0x00, 0x00, 0x00, 0x00, 0x00, 0x00, 0x00, 0x00, 0x00, 0x00, 0x00,
    0x00, 0x00, 0x00, 0x00, 0x00, 0x00, 0x00, 0x00, 0x00, 0x00, 0x00, 0x00,
    0x00, 0x00, 0x00, 0x00, 0x00, 0x00, 0x00, 0x00, 0x00, 0x00, 0x00, 0x00,
    0x00, 0x00, 0x00, 0x00, 0x00, 0x00, 0x00, 0x00, 0x00, 0x00, 0x00, 0x00,
    0x00, 0x00, 0x00, 0x00, 0x00, 0x00, 0x00, 0x00, 0x00, 0x00, 0x00, 0x00,
    0x00, 0x00, 0x00, 0x00, 0x00, 0x00, 0x00, 0x00, 0x00, 0x00, 0x00, 0x00,
    0x00, 0x00, 0x00, 0x00, 0x00, 0x00, 0x00, 0x00, 0x00, 0x00, 0x00, 0x00,
    0x00, 0x00, 0x00, 0x00, 0x00, 0x00, 0x00, 0x00, 0x00, 0x00, 0x00, 0x00,
    0x00, 0x00, 0x00, 0x00, 0x00, 0x00, 0x00, 0x00, 0x00, 0x00, 0x00, 0x00,
    0x00, 0x00, 0x00, 0x00, 0x00, 0x00, 0x00, 0x00, 0x00, 0x00, 0x00, 0x00,
    0x00, 0x00, 0x00, 0x00, 0x00, 0x00, 0x00, 0x00, 0x00, 0x00, 0x00, 0x00,
    0x00, 0x00, 0x00, 0x00, 0x00, 0x00, 0x00, 0x00, 0x00, 0x00, 0x00, 0x00,
    0x00, 0x00, 0x00, 0x00, 0x00, 0x00, 0x00, 0x00, 0x00, 0x00, 0x00, 0x00,
    0x00, 0x00, 0x00, 0x00, 0x00, 0x00, 0x00, 0x00, 0x00, 0x00, 0x00, 0x00,
    0x00, 0x00, 0x00, 0x00, 0x00, 0x00, 0x00, 0x00, 0x00, 0x00, 0x00, 0x00,
    0x00, 0x00, 0x00, 0x00, 0x00, 0x00, 0x00, 0x00, 0x00, 0x00, 0x00, 0x00,
    0x00, 0x00, 0x00, 0x00, 0x00, 0x00, 0x00, 0x00, 0x00, 0x00, 0x00, 0x00,
    0x00, 0x00, 0x00, 0x00, 0x00, 0x00, 0x00, 0x00, 0x00, 0x00, 0x00, 0x00,
    0x00, 0x00, 0x00, 0x00, 0x00, 0x00, 0x00, 0x00, 0x00, 0x00, 0x00, 0x00,
    0x00, 0x00, 0x00, 0x00, 0x00, 0x00, 0x00, 0x00, 0x00, 0x00, 0x00, 0x00,
    0x00, 0x00, 0x00, 0x00, 0x00, 0x00, 0x00, 0x00, 0x00, 0x00, 0x00, 0x00,
    0x00, 0x00, 0x00, 0x00, 0x00, 0x00, 0x00, 0x00, 0x00, 0x00, 0x00, 0x00,
    0x00, 0x00, 0x00, 0x00, 0x00, 0x00, 0x00, 0x00, 0x00, 0x00, 0x00, 0x00,
    0x00, 0x00, 0x00, 0x00, 0x00, 0x00, 0x00, 0x00, 0x00, 0x00, 0x00, 0x00,
    0x00, 0x00, 0x00, 0x00, 0x00, 0x00, 0x00, 0x00, 0x00, 0x00, 0x00, 0x00,
    0x00, 0x00, 0x00, 0x00, 0x00, 0x00, 0x00, 0x00, 0x00, 0x00, 0x00, 0x00,
    0x00, 0x00, 0x00, 0x00, 0x00, 0x00, 0x00, 0x00, 0x00, 0x00, 0x00, 0x00,
    0x00, 0x00, 0x00, 0x00, 0x00, 0x00, 0x00, 0x00, 0x00, 0x00, 0x00, 0x00,
    0x60, 0x00, 0x00, 0xff, 0x60, 0x00, 0x00, 0xff, 0x60, 0x00, 0x00, 0xff,
    0x60, 0x00, 0x00, 0xff, 0x60, 0x00, 0x00, 0xff, 0x60, 0x00, 0x00, 0xff,
    0x60, 0x00, 0x00, 0xff, 0x60, 0x00, 0x00, 0xff, 0x60, 0x00, 0x00, 0xff,
    0x60, 0x00, 0x00, 0xff, 0x60, 0x00, 0x00, 0xff, 0x60, 0x00, 0x00, 0xff,
    0x60, 0x00, 0x00, 0xff, 0x60, 0x00, 0x00, 0xff, 0x60, 0x00, 0x00, 0xff,
    0x60, 0x00, 0x00, 0xff, 0x60, 0x00, 0x00, 0xff, 0x60, 0x00, 0x00, 0xff,
    0x60, 0x00, 0x00, 0xff, 0x60, 0x00, 0x00, 0xff, 0x60, 0x00, 0x00, 0xff,
    0x60, 0x00, 0x00, 0xff, 0x60, 0x00, 0x00, 0xff, 0x60, 0x00, 0x00, 0xff,
    0x60, 0x00, 0x00, 0xff, 0x60, 0x00, 0x00, 0xff, 0x60, 0x00, 0x00, 0xff,
    0x60, 0x00, 0x00, 0xff, 0x60, 0x00, 0x00, 0xff, 0x60, 0x00, 0x00, 0xff,
    0x60, 0x00, 0x00, 0xff, 0x60, 0x00, 0x00, 0xff, 0x60, 0x00, 0x00, 0xff,
    0x60, 0x00, 0x00, 0xff, 0x60, 0x00, 0x00, 0xff, 0x60, 0x00, 0x00, 0xff,
    0x00, 0x00, 0x00, 0x00, 0x00, 0x00, 0x00, 0x00, 0x00, 0x00, 0x00, 0x00,
    0x00, 0x00, 0x00, 0x00, 0x00, 0x00, 0x00, 0x00, 0x00, 0x00, 0x00, 0x00,
    0x00, 0x00, 0x00, 0x00, 0x00, 0x00, 0x00, 0x00, 0x00, 0x00, 0x00, 0x00,
    0x00, 0x00, 0x00, 0x00, 0x00, 0x00, 0x00, 0x00, 0x00, 0x00, 0x00, 0x00,
    0x00, 0x00, 0x00, 0x00, 0x00, 0x00, 0x00, 0x00, 0x00, 0x00, 0x00, 0x00,
    0x00, 0x00, 0x00, 0x00, 0x00, 0x00, 0x00, 0x00, 0x00, 0x00, 0x00, 0x00,
    0x00, 0x00, 0x00, 0x00, 0x00, 0x00, 0x00, 0x00, 0x00, 0x00, 0x00, 0x00,
    0x00, 0x00, 0x00, 0x00, 0x00, 0x00, 0x00, 0x00, 0x00, 0x00, 0x00, 0x00,
    0x00, 0x00, 0x00, 0x00, 0x00, 0x00, 0x00, 0x00, 0x00, 0x00, 0x00, 0x00,
    0x00, 0x00, 0x00, 0x00, 0x00, 0x00, 0x00, 0x00, 0x00, 0x00, 0x00, 0x00,
    0x00, 0x00, 0x00, 0x00, 0x00, 0x00, 0x00, 0x00, 0x00, 0x00, 0x00, 0x00,
    0x00, 0x00, 0x00, 0x00, 0x00, 0x00, 0x00, 0x00, 0x00, 0x00, 0x00, 0x00,
    0x00, 0x00, 0x00, 0x00, 0x00, 0x00, 0x00, 0x00, 0x00, 0x00, 0x00, 0x00,
    0x00, 0x00, 0x00, 0x00, 0x00, 0x00, 0x00, 0x00, 0x00, 0x00, 0x00, 0x00,
    0x00, 0x00, 0x00, 0x00, 0x00, 0x00, 0x00, 0x00, 0x00, 0x00, 0x00, 0x00,
    0x00, 0x00, 0x00, 0x00, 0x00, 0x00, 0x00, 0x00, 0x00, 0x00, 0x00, 0x00,
    0x00, 0x00, 0x00, 0x00, 0x00, 0x00, 0x00, 0x00, 0x00, 0x00, 0x00, 0x00,
    0x00, 0x00, 0x00, 0x00, 0x00, 0x00, 0x00, 0x00, 0x00, 0x00, 0x00, 0x00,
    0x00, 0x00, 0x00, 0x00, 0x00, 0x00, 0x00, 0x00, 0x00, 0x00, 0x00, 0x00,
    0x00, 0x00, 0x00, 0x00, 0x00, 0x00, 0x00, 0x00, 0x00, 0x00, 0x00, 0x00,
    0x00, 0x00, 0x00, 0x00, 0x00, 0x00, 0x00, 0x00, 0x00, 0x00, 0x00, 0x00,
    0x00, 0x00, 0x00, 0x00, 0x00, 0x00, 0x00, 0x00, 0x00, 0x00, 0x00, 0x00,
    0x00, 0x00, 0x00, 0x00, 0x00, 0x00, 0x00, 0x00, 0x00, 0x00, 0x00, 0x00,
    0x00, 0x00, 0x00, 0x00, 0x00, 0x00, 0x00, 0x00, 0x00, 0x00, 0x00, 0x00,
    0x00, 0x00, 0x00, 0x00, 0x00, 0x00, 0x00, 0x00, 0x00, 0x00, 0x00, 0x00,
    0x00, 0x00, 0x00, 0x00, 0x00, 0x00, 0x00, 0x00, 0x00, 0x00, 0x00, 0x00,
    0x00, 0x00, 0x00, 0x00, 0x00, 0x00, 0x00, 0x00, 0x00, 0x00, 0x00, 0x00,
    0x00, 0x00, 0x00, 0x00, 0x00, 0x00, 0x00, 0x00, 0x00, 0x00, 0x00, 0x00,
    0x00, 0x00, 0x00, 0x00, 0x00, 0x00, 0x00, 0x00, 0x60, 0x00, 0x00, 0xff,
    0x60, 0x00, 0x00, 0xff, 0x60, 0x00, 0x00, 0xff, 0x60, 0x00, 0x00, 0xff,
    0x60, 0x00, 0x00, 0xff, 0x60, 0x00, 0x00, 0xff, 0xc8, 0xc8, 0xc8, 0xff,
    0xc8, 0xc8, 0xc8, 0xff, 0xc8, 0xc8, 0xc8, 0xff, 0xc8, 0xc8, 0xc8, 0xff,
    0xc8, 0xc8, 0xc8, 0xff, 0xc8, 0xc8, 0xc8, 0xff, 0xc8, 0xc8, 0xc8, 0xff,
    0xc8, 0xc8, 0xc8, 0xff, 0xc8, 0xc8, 0xc8, 0xff, 0xc8, 0xc8, 0xc8, 0xff,
    0xc8, 0xc8, 0xc8, 0xff, 0xc8, 0xc8, 0xc8, 0xff, 0xc8, 0xc8, 0xc8, 0xff,
    0xc8, 0xc8, 0xc8, 0xff, 0xc8, 0xc8, 0xc8, 0xff, 0xc8, 0xc8, 0xc8, 0xff,
    0xc8, 0xc8, 0xc8, 0xff, 0xc8, 0xc8, 0xc8, 0xff, 0xc8, 0xc8, 0xc8, 0xff,
    0xc8, 0xc8, 0xc8, 0xff, 0xc8, 0xc8, 0xc8, 0xff, 0xc8, 0xc8, 0xc8, 0xff,
    0xc8, 0xc8, 0xc8, 0xff, 0xc8, 0xc8, 0xc8, 0xff, 0xc8, 0xc8, 0xc8, 0xff,
    0xc8, 0xc8, 0xc8, 0xff, 0xc8, 0xc8, 0xc8, 0xff, 0xc8, 0xc8, 0xc8, 0xff,
    0xc8, 0xc8, 0xc8, 0xff, 0xc8, 0xc8, 0xc8, 0xff, 0xc8, 0xc8, 0xc8, 0xff,
    0xc8, 0xc8, 0xc8, 0xff, 0xc8, 0xc8, 0xc8, 0xff, 0xc8, 0xc8, 0xc8, 0xff,
    0xc8, 0xc8, 0xc8, 0xff, 0xc8, 0xc8, 0xc8, 0xff, 0x60, 0x00, 0x00, 0xff,
    0x60, 0x00, 0x00, 0xff, 0x60, 0x00, 0x00, 0xff, 0x60, 0x00, 0x00, 0xff,
    0x60, 0x00, 0x00, 0xff, 0x60, 0x00, 0x00, 0xff, 0x00, 0x00, 0x00, 0x00,
    0x00, 0x00, 0x00, 0x00, 0x00, 0x00, 0x00, 0x00, 0x00, 0x00, 0x00, 0x00,
    0x00, 0x00, 0x00, 0x00, 0x00, 0x00, 0x00, 0x00, 0x00, 0x00, 0x00, 0x00,
    0x00, 0x00, 0x00, 0x00, 0x00, 0x00, 0x00, 0x00, 0x00, 0x00, 0x00, 0x00,
    0x00, 0x00, 0x00, 0x00, 0x00, 0x00, 0x00, 0x00, 0x00, 0x00, 0x00, 0x00,
    0x00, 0x00, 0x00, 0x00, 0x00, 0x00, 0x00, 0x00, 0x00, 0x00, 0x00, 0x00,
    0x00, 0x00, 0x00, 0x00, 0x00, 0x00, 0x00, 0x00, 0x00, 0x00, 0x00, 0x00,
    0x00, 0x00, 0x00, 0x00, 0x00, 0x00, 0x00, 0x00, 0x00, 0x00, 0x00, 0x00,
    0x00, 0x00, 0x00, 0x00, 0x00, 0x00, 0x00, 0x00, 0x00, 0x00, 0x00, 0x00,
    0x00, 0x00, 0x00, 0x00, 0x00, 0x00, 0x00, 0x00, 0x00, 0x00, 0x00, 0x00,
    0x00, 0x00, 0x00, 0x00, 0x00, 0x00, 0x00, 0x00, 0x00, 0x00, 0x00, 0x00,
    0x00, 0x00, 0x00, 0x00, 0x00, 0x00, 0x00, 0x00, 0x00, 0x00, 0x00, 0x00,
    0x00, 0x00, 0x00, 0x00, 0x00, 0x00, 0x00, 0x00, 0x00, 0x00, 0x00, 0x00,
    0x00, 0x00, 0x00, 0x00, 0x00, 0x00, 0x00, 0x00, 0x00, 0x00, 0x00, 0x00,
    0x00, 0x00, 0x00, 0x00, 0x00, 0x00, 0x00, 0x00, 0x00, 0x00, 0x00, 0x00,
    0x00, 0x00, 0x00, 0x00, 0x00, 0x00, 0x00, 0x00, 0x00, 0x00, 0x00, 0x00,
    0x00, 0x00, 0x00, 0x00, 0x00, 0x00, 0x00, 0x00, 0x00, 0x00, 0x00, 0x00,
    0x00, 0x00, 0x00, 0x00, 0x00, 0x00, 0x00, 0x00, 0x00, 0x00, 0x00, 0x00,
    0x00, 0x00, 0x00, 0x00, 0x00, 0x00, 0x00, 0x00, 0x00, 0x00, 0x00, 0x00,
    0x00, 0x00, 0x00, 0x00, 0x00, 0x00, 0x00, 0x00, 0x00, 0x00, 0x00, 0x00,
    0x00, 0x00, 0x00, 0x00, 0x00, 0x00, 0x00, 0x00, 0x00, 0x00, 0x00, 0x00,
    0x00, 0x00, 0x00, 0x00, 0x00, 0x00, 0x00, 0x00, 0x00, 0x00, 0x00, 0x00,
    0x00, 0x00, 0x00, 0x00, 0x00, 0x00, 0x00, 0x00, 0x00, 0x00, 0x00, 0x00,
    0x00, 0x00, 0x00, 0x00, 0x00, 0x00, 0x00, 0x00, 0x00, 0x00, 0x00, 0x00,
    0x00, 0x00, 0x00, 0x00, 0x00, 0x00, 0x00, 0x00, 0x00, 0x00, 0x00, 0x00,
    0x00, 0x00, 0x00, 0x00, 0x00, 0x00, 0x00, 0x00, 0x00, 0x00, 0x00, 0x00,
    0x00, 0x00, 0x00, 0x00, 0x00, 0x00, 0x00, 0x00, 0x00, 0x00, 0x00, 0x00,
    0x00, 0x00, 0x00, 0x00, 0x60, 0x00, 0x00, 0xff, 0x60, 0x00, 0x00, 0xff,
    0x60, 0x00, 0x00, 0xff, 0x60, 0x00, 0x00, 0xff, 0x60, 0x00, 0x00, 0xff,
    0x60, 0x00, 0x00, 0xff, 0xc8, 0xc8, 0xc8, 0xff, 0xc8, 0xc8, 0xc8, 0xff,
    0xc8, 0xc8, 0xc8, 0xff, 0xc8, 0xc8, 0xc8, 0xff, 0xc8, 0xc8, 0xc8, 0xff,
    0xc8, 0xc8, 0xc8, 0xff, 0xc8, 0xc8, 0xc8, 0xff, 0xc8, 0xc8, 0xc8, 0xff,
    0xc8, 0xc8, 0xc8, 0xff, 0xc8, 0xc8, 0xc8, 0xff, 0xc8, 0xc8, 0xc8, 0xff,
    0xc8, 0xc8, 0xc8, 0xff, 0xc8, 0xc8, 0xc8, 0xff, 0xc8, 0xc8, 0xc8, 0xff,
    0xc8, 0xc8, 0xc8, 0xff, 0xc8, 0xc8, 0xc8, 0xff, 0xc8, 0xc8, 0xc8, 0xff,
    0xc8, 0xc8, 0xc8, 0xff, 0xc8, 0xc8, 0xc8, 0xff, 0xc8, 0xc8, 0xc8, 0xff,
    0xc8, 0xc8, 0xc8, 0xff, 0xc8, 0xc8, 0xc8, 0xff, 0xc8, 0xc8, 0xc8, 0xff,
    0xc8, 0xc8, 0xc8, 0xff, 0xc8, 0xc8, 0xc8, 0xff, 0xc8, 0xc8, 0xc8, 0xff,
    0xc8, 0xc8, 0xc8, 0xff, 0xc8, 0xc8, 0xc8, 0xff, 0xc8, 0xc8, 0xc8, 0xff,
    0xc8, 0xc8, 0xc8, 0xff, 0xc8, 0xc8, 0xc8, 0xff, 0xc8, 0xc8, 0xc8, 0xff,
    0xc8, 0xc8, 0xc8, 0xff, 0xc8, 0xc8, 0xc8, 0xff, 0xc8, 0xc8, 0xc8, 0xff,
    0xc8, 0xc8, 0xc8, 0xff, 0x60, 0x00, 0x00, 0xff, 0x60, 0x00, 0x00, 0xff,
    0x60, 0x00, 0x00, 0xff, 0x60, 0x00, 0x00, 0xff, 0x60, 0x00, 0x00, 0xff,
    0x60, 0x00, 0x00, 0xff, 0x00, 0x00, 0x00, 0x00, 0x00, 0x00, 0x00, 0x00,
    0x00, 0x00, 0x00, 0x00, 0x00, 0x00, 0x00, 0x00, 0x00, 0x00, 0x00, 0x00,
    0x00, 0x00, 0x00, 0x00, 0x00, 0x00, 0x00, 0x00, 0x00, 0x00, 0x00, 0x00,
    0x00, 0x00, 0x00, 0x00, 0x00, 0x00, 0x00, 0x00, 0x00, 0x00, 0x00, 0x00,
    0x00, 0x00, 0x00, 0x00, 0x00, 0x00, 0x00, 0x00, 0x00, 0x00, 0x00, 0x00,
    0x00, 0x00, 0x00, 0x00, 0x00, 0x00, 0x00, 0x00, 0x00, 0x00, 0x00, 0x00,
    0x00, 0x00, 0x00, 0x00, 0x00, 0x00, 0x00, 0x00, 0x00, 0x00, 0x00, 0x00,
    0x00, 0x00, 0x00, 0x00, 0x00, 0x00, 0x00, 0x00, 0x00, 0x00, 0x00, 0x00,
    0x00, 0x00, 0x00, 0x00, 0x00, 0x00, 0x00, 0x00, 0x00, 0x00, 0x00, 0x00,
    0x00, 0x00, 0x00, 0x00, 0x00, 0x00, 0x00, 0x00, 0x00, 0x00, 0x00, 0x00,
    0x00, 0x00, 0x00, 0x00, 0x00, 0x00, 0x00, 0x00, 0x00, 0x00, 0x00, 0x00,
    0x00, 0x00, 0x00, 0x00, 0x00, 0x00, 0x00, 0x00, 0x00, 0x00, 0x00, 0x00,
    0x00, 0x00, 0x00, 0x00, 0x00, 0x00, 0x00, 0x00, 0x00, 0x00, 0x00, 0x00,
    0x00, 0x00, 0x00, 0x00, 0x00, 0x00, 0x00, 0x00, 0x00, 0x00, 0x00, 0x00,
    0x00, 0x00, 0x00, 0x00, 0x00, 0x00, 0x00, 0x00, 0x00, 0x00, 0x00, 0x00,
    0x00, 0x00, 0x00, 0x00, 0x00, 0x00, 0x00, 0x00, 0x00, 0x00, 0x00, 0x00,
    0x00, 0x00, 0x00, 0x00, 0x00, 0x00, 0x00, 0x00, 0x00, 0x00, 0x00, 0x00,
    0x00, 0x00, 0x00, 0x00, 0x00, 0x00, 0x00, 0x00, 0x00, 0x00, 0x00, 0x00,
    0x00, 0x00, 0x00, 0x00, 0x00, 0x00, 0x00, 0x00, 0x00, 0x00, 0x00, 0x00,
    0x00, 0x00, 0x00, 0x00, 0x00, 0x00, 0x00, 0x00, 0x00, 0x00, 0x00, 0x00,
    0x00, 0x00, 0x00, 0x00, 0x00, 0x00, 0x00, 0x00, 0x00, 0x00, 0x00, 0x00,
    0x00, 0x00, 0x00, 0x00, 0x00, 0x00, 0x00, 0x00, 0x00, 0x00, 0x00, 0x00,
    0x00, 0x00, 0x00, 0x00, 0x00, 0x00, 0x00, 0x00, 0x00, 0x00, 0x00, 0x00,
    0x00, 0x00, 0x00, 0x00, 0x00, 0x00, 0x00, 0x00, 0x00, 0x00, 0x00, 0x00,
    0x00, 0x00, 0x00, 0x00, 0x00, 0x00, 0x00, 0x00, 0x00, 0x00, 0x00, 0x00,
    0x60, 0x00, 0x00, 0xff, 0x60, 0x00, 0x00, 0xff, 0x60, 0x00, 0x00, 0xff,
    0x60, 0x00, 0x00, 0xff, 0x60, 0x00, 0x00, 0xff, 0x60, 0x00, 0x00, 0xff,
    0xc8, 0xc8, 0xc8, 0xff, 0xc8, 0xc8, 0xc8, 0xff, 0xc8, 0xc8, 0xc8, 0xff,
    0xc8, 0xc8, 0xc8, 0xff, 0xc8, 0xc8, 0xc8, 0xff, 0xc8, 0xc8, 0xc8, 0xff,
    0xc8, 0xc8, 0xc8, 0xff, 0xc8, 0xc8, 0xc8, 0xff, 0xc8, 0xc8, 0xc8, 0xff,
    0xc8, 0xc8, 0xc8, 0xff, 0xc8, 0xc8, 0xc8, 0xff, 0xc8, 0xc8, 0xc8, 0xff,
    0xc8, 0xc8, 0xc8, 0xff, 0xc8, 0xc8, 0xc8, 0xff, 0xc8, 0xc8, 0xc8, 0xff,
    0xc8, 0xc8, 0xc8, 0xff, 0xc8, 0xc8, 0xc8, 0xff, 0xc8, 0xc8, 0xc8, 0xff,
    0xc8, 0xc8, 0xc8, 0xff, 0xc8, 0xc8, 0xc8, 0xff, 0xc8, 0xc8, 0xc8, 0xff,
    0xc8, 0xc8, 0xc8, 0xff, 0xc8, 0xc8, 0xc8, 0xff, 0xc8, 0xc8, 0xc8, 0xff,
    0xc8, 0xc8, 0xc8, 0xff, 0xc8, 0xc8, 0xc8, 0xff, 0xc8, 0xc8, 0xc8, 0xff,
    0xc8, 0xc8, 0xc8, 0xff, 0xc8, 0xc8, 0xc8, 0xff, 0xc8, 0xc8, 0xc8, 0xff,
    0xc8, 0xc8, 0xc8, 0xff, 0xc8, 0xc8, 0xc8, 0xff, 0xc8, 0xc8, 0xc8, 0xff,
    0xc8, 0xc8, 0xc8, 0xff, 0xc8, 0xc8, 0xc8, 0xff, 0xc8, 0xc8, 0xc8, 0xff,
    0xc8, 0xc8, 0xc8, 0xff, 0xc8, 0xc8, 0xc8, 0xff, 0xc8, 0xc8, 0xc8, 0xff,
    0xc8, 0xc8, 0xc8, 0xff, 0xc8, 0xc8, 0xc8, 0xff, 0xc8, 0xc8, 0xc8, 0xff,
    0xc8, 0xc8, 0xc8, 0xff, 0xc8, 0xc8, 0xc8, 0xff, 0xc8, 0xc8, 0xc8, 0xff,
    0xc8, 0xc8, 0xc8, 0xff, 0xc8, 0xc8, 0xc8, 0xff, 0xc8, 0xc8, 0xc8, 0xff,
    0x60, 0x00, 0x00, 0xff, 0x60, 0x00, 0x00, 0xff, 0x60, 0x00, 0x00, 0xff,
    0x60, 0x00, 0x00, 0xff, 0x60, 0x00, 0x00, 0xff, 0x60, 0x00, 0x00, 0xff,
    0x00, 0x00, 0x00, 0x00, 0x00, 0x00, 0x00, 0x00, 0x00, 0x00, 0x00, 0x00,
    0x00, 0x00, 0x00, 0x00, 0x00, 0x00, 0x00, 0x00, 0x00, 0x00, 0x00, 0x00,
    0x00, 0x00, 0x00, 0x00, 0x00, 0x00, 0x00, 0x00, 0x00, 0x00, 0x00, 0x00,
    0x00, 0x00, 0x00, 0x00, 0x00, 0x00, 0x00, 0x00, 0x00, 0x00, 0x00, 0x00,
    0x00, 0x00, 0x00, 0x00, 0x00, 0x00, 0x00, 0x00, 0x00, 0x00, 0x00, 0x00,
    0x00, 0x00, 0x00, 0x00, 0x00, 0x00, 0x00, 0x00, 0x00, 0x00, 0x00, 0x00,
    0x00, 0x00, 0x00, 0x00, 0x00, 0x00, 0x00, 0x00, 0x00, 0x00, 0x00, 0x00,
    0x00, 0x00, 0x00, 0x00, 0x00, 0x00, 0x00, 0x00, 0x00, 0x00, 0x00, 0x00,
    0x00, 0x00, 0x00, 0x00, 0x00, 0x00, 0x00, 0x00, 0x00, 0x00, 0x00, 0x00,
    0x00, 0x00, 0x00, 0x00, 0x00, 0x00, 0x00, 0x00, 0x00, 0x00, 0x00, 0x00,
    0x00, 0x00, 0x00, 0x00, 0x00, 0x00, 0x00, 0x00, 0x00, 0x00, 0x00, 0x00,
    0x00, 0x00, 0x00, 0x00, 0x00, 0x00, 0x00, 0x00, 0x00, 0x00, 0x00, 0x00,
    0x00, 0x00, 0x00, 0x00, 0x00, 0x00, 0x00, 0x00, 0x00, 0x00, 0x00, 0x00,
    0x00, 0x00, 0x00, 0x00, 0x00, 0x00, 0x00, 0x00, 0x00, 0x00, 0x00, 0x00,
    0x00, 0x00, 0x00, 0x00, 0x00, 0x00, 0x00, 0x00, 0x00, 0x00, 0x00, 0x00,
    0x00, 0x00, 0x00, 0x00, 0x00, 0x00, 0x00, 0x00, 0x00, 0x00, 0x00, 0x00,
    0x00, 0x00, 0x00, 0x00, 0x00, 0x00, 0x00, 0x00, 0x00, 0x00, 0x00, 0x00,
    0x00, 0x00, 0x00, 0x00, 0x00, 0x00, 0x00, 0x00, 0x00, 0x00, 0x00, 0x00,
    0x00, 0x00, 0x00, 0x00, 0x00, 0x00, 0x00, 0x00, 0x00, 0x00, 0x00, 0x00,
    0x00, 0x00, 0x00, 0x00, 0x00, 0x00, 0x00, 0x00, 0x00, 0x00, 0x00, 0x00,
    0x00, 0x00, 0x00, 0x00, 0x00, 0x00, 0x00, 0x00, 0x00, 0x00, 0x00, 0x00,
    0x00, 0x00, 0x00, 0x00, 0x00, 0x00, 0x00, 0x00, 0x00, 0x00, 0x00, 0x00,
    0x00, 0x00, 0x00, 0x00, 0x00, 0x00, 0x00, 0x00, 0x60, 0x00, 0x00, 0xff,
    0x60, 0x00, 0x00, 0xff, 0x60, 0x00, 0x00, 0xff, 0x60, 0x00, 0x00, 0xff,
    0x60, 0x00, 0x00, 0xff, 0x60, 0x00, 0x00, 0xff, 0xc8, 0xc8, 0xc8, 0xff,
    0xc8, 0xc8, 0xc8, 0xff, 0xc8, 0xc8, 0xc8, 0xff, 0xc8, 0xc8, 0xc8, 0xff,
    0xc8, 0xc8, 0xc8, 0xff, 0xc8, 0xc8, 0xc8, 0xff, 0xc8, 0xc8, 0xc8, 0xff,
    0xc8, 0xc8, 0xc8, 0xff, 0xc8, 0xc8, 0xc8, 0xff, 0xc8, 0xc8, 0xc8, 0xff,
    0xc8, 0xc8, 0xc8, 0xff, 0xc8, 0xc8, 0xc8, 0xff, 0xc8, 0xc8, 0xc8, 0xff,
    0xc8, 0xc8, 0xc8, 0xff, 0xc8, 0xc8, 0xc8, 0xff, 0xc8, 0xc8, 0xc8, 0xff,
    0xc8, 0xc8, 0xc8, 0xff, 0xc8, 0xc8, 0xc8, 0xff, 0xc8, 0xc8, 0xc8, 0xff,
    0xc8, 0xc8, 0xc8, 0xff, 0xc8, 0xc8, 0xc8, 0xff, 0xc8, 0xc8, 0xc8, 0xff,
    0xc8, 0xc8, 0xc8, 0xff, 0xc8, 0xc8, 0xc8, 0xff, 0xc8, 0xc8, 0xc8, 0xff,
    0xc8, 0xc8, 0xc8, 0xff, 0xc8, 0xc8, 0xc8, 0xff, 0xc8, 0xc8, 0xc8, 0xff,
    0xc8, 0xc8, 0xc8, 0xff, 0xc8, 0xc8, 0xc8, 0xff, 0xc8, 0xc8, 0xc8, 0xff,
    0xc8, 0xc8, 0xc8, 0xff, 0xc8, 0xc8, 0xc8, 0xff, 0xc8, 0xc8, 0xc8, 0xff,
    0xc8, 0xc8, 0xc8, 0xff, 0xc8, 0xc8, 0xc8, 0xff, 0xc8, 0xc8, 0xc8, 0xff,
    0xc8, 0xc8, 0xc8, 0xff, 0xc8, 0xc8, 0xc8, 0xff, 0xc8, 0xc8, 0xc8, 0xff,
    0xc8, 0xc8, 0xc8, 0xff, 0xc8, 0xc8, 0xc8, 0xff, 0xc8, 0xc8, 0xc8, 0xff,
    0xc8, 0xc8, 0xc8, 0xff, 0xc8, 0xc8, 0xc8, 0xff, 0xc8, 0xc8, 0xc8, 0xff,
    0xc8, 0xc8, 0xc8, 0xff, 0xc8, 0xc8, 0xc8, 0xff, 0x60, 0x00, 0x00, 0xff,
    0x60, 0x00, 0x00, 0xff, 0x60, 0x00, 0x00, 0xff, 0x60, 0x00, 0x00, 0xff,
    0x60, 0x00, 0x00, 0xff, 0x60, 0x00, 0x00, 0xff, 0x00, 0x00, 0x00, 0x00,
    0x00, 0x00, 0x00, 0x00, 0x00, 0x00, 0x00, 0x00, 0x00, 0x00, 0x00, 0x00,
    0x00, 0x00, 0x00, 0x00, 0x00, 0x00, 0x00, 0x00, 0x00, 0x00, 0x00, 0x00,
    0x00, 0x00, 0x00, 0x00, 0x00, 0x00, 0x00, 0x00, 0x00, 0x00, 0x00, 0x00,
    0x00, 0x00, 0x00, 0x00, 0x00, 0x00, 0x00, 0x00, 0x00, 0x00, 0x00, 0x00,
    0x00, 0x00, 0x00, 0x00, 0x00, 0x00, 0x00, 0x00, 0x00, 0x00, 0x00, 0x00,
    0x00, 0x00, 0x00, 0x00, 0x00, 0x00, 0x00, 0x00, 0x00, 0x00, 0x00, 0x00,
    0x00, 0x00, 0x00, 0x00, 0x00, 0x00, 0x00, 0x00, 0x00, 0x00, 0x00, 0x00,
    0x00, 0x00, 0x00, 0x00, 0x00, 0x00, 0x00, 0x00, 0x00, 0x00, 0x00, 0x00,
    0x00, 0x00, 0x00, 0x00, 0x00, 0x00, 0x00, 0x00, 0x00, 0x00, 0x00, 0x00,
    0x00, 0x00, 0x00, 0x00, 0x00, 0x00, 0x00, 0x00, 0x00, 0x00, 0x00, 0x00,
    0x00, 0x00, 0x00, 0x00, 0x00, 0x00, 0x00, 0x00, 0x00, 0x00, 0x00, 0x00,
    0x00, 0x00, 0x00, 0x00, 0x00, 0x00, 0x00, 0x00, 0x00, 0x00, 0x00, 0x00,
    0x00, 0x00, 0x00, 0x00, 0x00, 0x00, 0x00, 0x00, 0x00, 0x00, 0x00, 0x00,
    0x00, 0x00, 0x00, 0x00, 0x00, 0x00, 0x00, 0x00, 0x00, 0x00, 0x00, 0x00,
    0x00, 0x00, 0x00, 0x00, 0x00, 0x00, 0x00, 0x00, 0x00, 0x00, 0x00, 0x00,
    0x00, 0x00, 0x00, 0x00, 0x00, 0x00, 0x00, 0x00, 0x00, 0x00, 0x00, 0x00,
    0x00, 0x00, 0x00, 0x00, 0x00, 0x00, 0x00, 0x00, 0x00, 0x00, 0x00, 0x00,
    0x00, 0x00, 0x00, 0x00, 0x00, 0x00, 0x00, 0x00, 0x00, 0x00, 0x00, 0x00,
    0x00, 0x00, 0x00, 0x00, 0x00, 0x00, 0x00, 0x00, 0x00, 0x00, 0x00, 0x00,
    0x00, 0x00, 0x00, 0x00, 0x00, 0x00, 0x00, 0x00, 0x00, 0x00, 0x00, 0x00,
    0x00, 0x00, 0x00, 0x00, 0x00, 0x00, 0x00, 0x00, 0x00, 0x00, 0x00, 0x00,
    0x60, 0x00, 0x00, 0xff, 0x60, 0x00, 0x00, 0xff, 0x60, 0x00, 0x00, 0xff,
    0x60, 0x00, 0x00, 0xff, 0xc8, 0xc8, 0xc8, 0xff, 0xc8, 0xc8, 0xc8, 0xff,
    0xc8, 0xc8, 0xc8, 0xff, 0xc8, 0xc8, 0xc8, 0xff, 0xc8, 0xc8, 0xc8, 0xff,
    0xc8, 0xc8, 0xc8, 0xff, 0xc8, 0xc8, 0xc8, 0xff, 0xc8, 0xc8, 0xc8, 0xff,
    0xc8, 0xc8, 0xc8, 0xff, 0xc8, 0xc8, 0xc8, 0xff, 0xc8, 0xc8, 0xc8, 0xff,
    0xc8, 0xc8, 0xc8, 0xff, 0xc8, 0xc8, 0xc8, 0xff, 0xc8, 0xc8, 0xc8, 0xff,
    0xc8, 0xc8, 0xc8, 0xff, 0xc8, 0xc8, 0xc8, 0xff, 0xc8, 0xc8, 0xc8, 0xff,
    0xc8, 0xc8, 0xc8, 0xff, 0xc8, 0xc8, 0xc8, 0xff, 0xc8, 0xc8, 0xc8, 0xff,
    0xc8, 0xc8, 0xc8, 0xff, 0xc8, 0xc8, 0xc8, 0xff, 0xc8, 0xc8, 0xc8, 0xff,
    0xc8, 0xc8, 0xc8, 0xff, 0xc8, 0xc8, 0xc8, 0xff, 0xc8, 0xc8, 0xc8, 0xff,
    0xc8, 0xc8, 0xc8, 0xff, 0xc8, 0xc8, 0xc8, 0xff, 0xc8, 0xc8, 0xc8, 0xff,
    0xc8, 0xc8, 0xc8, 0xff, 0xc8, 0xc8, 0xc8, 0xff, 0xc8, 0xc8, 0xc8, 0xff,
    0xc8, 0xc8, 0xc8, 0xff, 0xc8, 0xc8, 0xc8, 0xff, 0xc8, 0xc8, 0xc8, 0xff,
    0xc8, 0xc8, 0xc8, 0xff, 0xc8, 0xc8, 0xc8, 0xff, 0xc8, 0xc8, 0xc8, 0xff,
    0xc8, 0xc8, 0xc8, 0xff, 0xc8, 0xc8, 0xc8, 0xff, 0xc8, 0xc8, 0xc8, 0xff,
    0xc8, 0xc8, 0xc8, 0xff, 0xc8, 0xc8, 0xc8, 0xff, 0xc8, 0xc8, 0xc8, 0xff,
    0xc8, 0xc8, 0xc8, 0xff, 0xc8, 0xc8, 0xc8, 0xff, 0xc8, 0xc8, 0xc8, 0xff,
    0xc8, 0xc8, 0xc8, 0xff, 0xc8, 0xc8, 0xc8, 0xff, 0xc8, 0xc8, 0xc8, 0xff,
    0xc8, 0xc8, 0xc8, 0xff, 0xc8, 0xc8, 0xc8, 0xff, 0xc8, 0xc8, 0xc8, 0xff,
    0xc8, 0xc8, 0xc8, 0xff, 0xc8, 0xc8, 0xc8, 0xff, 0xc8, 0xc8, 0xc8, 0xff,
    0xc8, 0xc8, 0xc8, 0xff, 0xc8, 0xc8, 0xc8, 0xff, 0xc8, 0xc8, 0xc8, 0xff,
    0xc8, 0xc8, 0xc8, 0xff, 0x60, 0x00, 0x00, 0xff, 0x60, 0x00, 0x00, 0xff,
    0x60, 0x00, 0x00, 0xff, 0x60, 0x00, 0x00, 0xff, 0x00, 0x00, 0x00, 0x00,
    0x00, 0x00, 0x00, 0x00, 0x00, 0x00, 0x00, 0x00, 0x00, 0x00, 0x00, 0x00,
    0x00, 0x00, 0x00, 0x00, 0x00, 0x00, 0x00, 0x00, 0x00, 0x00, 0x00, 0x00,
    0x00, 0x00, 0x00, 0x00, 0x00, 0x00, 0x00, 0x00, 0x00, 0x00, 0x00, 0x00,
    0x00, 0x00, 0x00, 0x00, 0x00, 0x00, 0x00, 0x00, 0x00, 0x00, 0x00, 0x00,
    0x00, 0x00, 0x00, 0x00, 0x00, 0x00, 0x00, 0x00, 0x00, 0x00, 0x00, 0x00,
    0x00, 0x00, 0x00, 0x00, 0x00, 0x00, 0x00, 0x00, 0x00, 0x00, 0x00, 0x00,
    0x00, 0x00, 0x00, 0x00, 0x00, 0x00, 0x00, 0x00, 0x00, 0x00, 0x00, 0x00,
    0x00, 0x00, 0x00, 0x00, 0x00, 0x00, 0x00, 0x00, 0x00, 0x00, 0x00, 0x00,
    0x00, 0x00, 0x00, 0x00, 0x00, 0x00, 0x00, 0x00, 0x00, 0x00, 0x00, 0x00,
    0x00, 0x00, 0x00, 0x00, 0x00, 0x00, 0x00, 0x00, 0x00, 0x00, 0x00, 0x00,
    0x00, 0x00, 0x00, 0x00, 0x00, 0x00, 0x00, 0x00, 0x00, 0x00, 0x00, 0x00,
    0x00, 0x00, 0x00, 0x00, 0x00, 0x00, 0x00, 0x00, 0x00, 0x00, 0x00, 0x00,
    0x00, 0x00, 0x00, 0x00, 0x00, 0x00, 0x00, 0x00, 0x00, 0x00, 0x00, 0x00,
    0x00, 0x00, 0x00, 0x00, 0x00, 0x00, 0x00, 0x00, 0x00, 0x00, 0x00, 0x00,
    0x00, 0x00, 0x00, 0x00, 0x00, 0x00, 0x00, 0x00, 0x00, 0x00, 0x00, 0x00,
    0x00, 0x00, 0x00, 0x00, 0x00, 0x00, 0x00, 0x00, 0x00, 0x00, 0x00, 0x00,
    0x00, 0x00, 0x00, 0x00, 0x00, 0x00, 0x00, 0x00, 0x00, 0x00, 0x00, 0x00,
    0x00, 0x00, 0x00, 0x00, 0x00, 0x00, 0x00, 0x00, 0x00, 0x00, 0x00, 0x00,
    0x00, 0x00, 0x00, 0x00, 0x00, 0x00, 0x00, 0x00, 0x00, 0x00, 0x00, 0x00,
    0x00, 0x00, 0x00, 0x00, 0x00, 0x00, 0x00, 0x00, 0x60, 0x00, 0x00, 0xff,
    0x60, 0x00, 0x00, 0xff, 0x60, 0x00, 0x00, 0xff, 0x60, 0x00, 0x00, 0xff,
    0xc8, 0xc8, 0xc8, 0xff, 0xc8, 0xc8, 0xc8, 0xff, 0xc8, 0xc8, 0xc8, 0xff,
    0xc8, 0xc8, 0xc8, 0xff, 0xc8, 0xc8, 0xc8, 0xff, 0xc8, 0xc8, 0xc8, 0xff,
    0xc8, 0xc8, 0xc8, 0xff, 0xc8, 0xc8, 0xc8, 0xff, 0xc8, 0xc8, 0xc8, 0xff,
    0xc8, 0xc8, 0xc8, 0xff, 0xc8, 0xc8, 0xc8, 0xff, 0xc8, 0xc8, 0xc8, 0xff,
    0xc8, 0xc8, 0xc8, 0xff, 0xc8, 0xc8, 0xc8, 0xff, 0xc8, 0xc8, 0xc8, 0xff,
    0xc8, 0xc8, 0xc8, 0xff, 0xc8, 0xc8, 0xc8, 0xff, 0xc8, 0xc8, 0xc8, 0xff,
    0xc8, 0xc8, 0xc8, 0xff, 0xc8, 0xc8, 0xc8, 0xff, 0xc8, 0xc8, 0xc8, 0xff,
    0xc8, 0xc8, 0xc8, 0xff, 0xc8, 0xc8, 0xc8, 0xff, 0xc8, 0xc8, 0xc8, 0xff,
    0xc8, 0xc8, 0xc8, 0xff, 0xc8, 0xc8, 0xc8, 0xff, 0xc8, 0xc8, 0xc8, 0xff,
    0xc8, 0xc8, 0xc8, 0xff, 0xc8, 0xc8, 0xc8, 0xff, 0xc8, 0xc8, 0xc8, 0xff,
    0xc8, 0xc8, 0xc8, 0xff, 0xc8, 0xc8, 0xc8, 0xff, 0xc8, 0xc8, 0xc8, 0xff,
    0xc8, 0xc8, 0xc8, 0xff, 0xc8, 0xc8, 0xc8, 0xff, 0xc8, 0xc8, 0xc8, 0xff,
    0xc8, 0xc8, 0xc8, 0xff, 0xc8, 0xc8, 0xc8, 0xff, 0xc8, 0xc8, 0xc8, 0xff,
    0xc8, 0xc8, 0xc8, 0xff, 0xc8, 0xc8, 0xc8, 0xff, 0xc8, 0xc8, 0xc8, 0xff,
    0xc8, 0xc8, 0xc8, 0xff, 0xc8, 0xc8, 0xc8, 0xff, 0xc8, 0xc8, 0xc8, 0xff,
    0xc8, 0xc8, 0xc8, 0xff, 0xc8, 0xc8, 0xc8, 0xff, 0xc8, 0xc8, 0xc8, 0xff,
    0xc8, 0xc8, 0xc8, 0xff, 0xc8, 0xc8, 0xc8, 0xff, 0xc8, 0xc8, 0xc8, 0xff,
    0xc8, 0xc8, 0xc8, 0xff, 0xc8, 0xc8, 0xc8, 0xff, 0xc8, 0xc8, 0xc8, 0xff,
    0xc8, 0xc8, 0xc8, 0xff, 0xc8, 0xc8, 0xc8, 0xff, 0xc8, 0xc8, 0xc8, 0xff,
    0xc8, 0xc8, 0xc8, 0xff, 0xc8, 0xc8, 0xc8, 0xff, 0xc8, 0xc8, 0xc8, 0xff,
    0x60, 0x00, 0x00, 0xff, 0x60, 0x00, 0x00, 0xff, 0x60, 0x00, 0x00, 0xff,
    0x60, 0x00, 0x00, 0xff, 0x00, 0x00, 0x00, 0x00, 0x00, 0x00, 0x00, 0x00,
    0x00, 0x00, 0x00, 0x00, 0x00, 0x00, 0x00, 0x00, 0x00, 0x00, 0x00, 0x00,
    0x00, 0x00, 0x00, 0x00, 0x00, 0x00, 0x00, 0x00, 0x00, 0x00, 0x00, 0x00,
    0x00, 0x00, 0x00, 0x00, 0x00, 0x00, 0x00, 0x00, 0x00, 0x00, 0x00, 0x00,
    0x00, 0x00, 0x00, 0x00, 0x00, 0x00, 0x00, 0x00, 0x00, 0x00, 0x00, 0x00,
    0x00, 0x00, 0x00, 0x00, 0x00, 0x00, 0x00, 0x00, 0x00, 0x00, 0x00, 0x00,
    0x00, 0x00, 0x00, 0x00, 0x00, 0x00, 0x00, 0x00, 0x00, 0x00, 0x00, 0x00,
    0x00, 0x00, 0x00, 0x00, 0x00, 0x00, 0x00, 0x00, 0x00, 0x00, 0x00, 0x00,
    0x00, 0x00, 0x00, 0x00, 0x00, 0x00, 0x00, 0x00, 0x00, 0x00, 0x00, 0x00,
    0x00, 0x00, 0x00, 0x00, 0x00, 0x00, 0x00, 0x00, 0x00, 0x00, 0x00, 0x00,
    0x00, 0x00, 0x00, 0x00, 0x00, 0x00, 0x00, 0x00, 0x00, 0x00, 0x00, 0x00,
    0x00, 0x00, 0x00, 0x00, 0x00, 0x00, 0x00, 0x00, 0x00, 0x00, 0x00, 0x00,
    0x00, 0x00, 0x00, 0x00, 0x00, 0x00, 0x00, 0x00, 0x00, 0x00, 0x00, 0x00,
    0x00, 0x00, 0x00, 0x00, 0x00, 0x00, 0x00, 0x00, 0x00, 0x00, 0x00, 0x00,
    0x00, 0x00, 0x00, 0x00, 0x00, 0x00, 0x00, 0x00, 0x00, 0x00, 0x00, 0x00,
    0x00, 0x00, 0x00, 0x00, 0x00, 0x00, 0x00, 0x00, 0x00, 0x00, 0x00, 0x00,
    0x00, 0x00, 0x00, 0x00, 0x00, 0x00, 0x00, 0x00, 0x00, 0x00, 0x00, 0x00,
    0x00, 0x00, 0x00, 0x00, 0x00, 0x00, 0x00, 0x00, 0x00, 0x00, 0x00, 0x00,
    0x00, 0x00, 0x00, 0x00, 0x00, 0x00, 0x00, 0x00, 0x00, 0x00, 0x00, 0x00,
    0x00, 0x00, 0x00, 0x00, 0x00, 0x00, 0x00, 0x00, 0x60, 0x00, 0x00, 0xff,
    0x60, 0x00, 0x00, 0xff, 0xc8, 0xc8, 0xc8, 0xff, 0xc8, 0xc8, 0xc8, 0xff,
    0xc8, 0xc8, 0xc8, 0xff, 0xc8, 0xc8, 0xc8, 0xff, 0xc8, 0xc8, 0xc8, 0xff,
    0xc8, 0xc8, 0xc8, 0xff, 0xc8, 0xc8, 0xc8, 0xff, 0xc8, 0xc8, 0xc8, 0xff,
    0xc8, 0xc8, 0xc8, 0xff, 0xc8, 0xc8, 0xc8, 0xff, 0xc8, 0xc8, 0xc8, 0xff,
    0xc8, 0xc8, 0xc8, 0xff, 0xc8, 0xc8, 0xc8, 0xff, 0xc8, 0xc8, 0xc8, 0xff,
    0xc8, 0xc8, 0xc8, 0xff, 0xc8, 0xc8, 0xc8, 0xff, 0xc8, 0xc8, 0xc8, 0xff,
    0xc8, 0xc8, 0xc8, 0xff, 0xc8, 0xc8, 0xc8, 0xff, 0xc8, 0xc8, 0xc8, 0xff,
    0xc8, 0xc8, 0xc8, 0xff, 0xc8, 0xc8, 0xc8, 0xff, 0xc8, 0xc8, 0xc8, 0xff,
    0xc8, 0xc8, 0xc8, 0xff, 0xc8, 0xc8, 0xc8, 0xff, 0xc8, 0xc8, 0xc8, 0xff,
    0xc8, 0xc8, 0xc8, 0xff, 0xc8, 0xc8, 0xc8, 0xff, 0xc8, 0xc8, 0xc8, 0xff,
    0xc8, 0xc8, 0xc8, 0xff, 0xc8, 0xc8, 0xc8, 0xff, 0xc8, 0xc8, 0xc8, 0xff,
    0xc8, 0xc8, 0xc8, 0xff, 0xc8, 0xc8, 0xc8, 0xff, 0xc8, 0xc8, 0xc8, 0xff,
    0xc8, 0xc8, 0xc8, 0xff, 0xc8, 0xc8, 0xc8, 0xff, 0xc8, 0xc8, 0xc8, 0xff,
    0xc8, 0xc8, 0xc8, 0xff, 0xc8, 0xc8, 0xc8, 0xff, 0xc8, 0xc8, 0xc8, 0xff,
    0xc8, 0xc8, 0xc8, 0xff, 0xc8, 0xc8, 0xc8, 0xff, 0xc8, 0xc8, 0xc8, 0xff,
    0xc8, 0xc8, 0xc8, 0xff, 0xc8, 0xc8, 0xc8, 0xff, 0xc8, 0xc8, 0xc8, 0xff,
    0xc8, 0xc8, 0xc8, 0xff, 0xc8, 0xc8, 0xc8, 0xff, 0xc8, 0xc8, 0xc8, 0xff,
    0xc8, 0xc8, 0xc8, 0xff, 0xc8, 0xc8, 0xc8, 0xff, 0xc8, 0xc8, 0xc8, 0xff,
    0xc8, 0xc8, 0xc8, 0xff, 0xc8, 0xc8, 0xc8, 0xff, 0xc8, 0xc8, 0xc8, 0xff,
    0xc8, 0xc8, 0xc8, 0xff, 0xc8, 0xc8, 0xc8, 0xff, 0xc8, 0xc8, 0xc8, 0xff,
    0xc8, 0xc8, 0xc8, 0xff, 0xc8, 0xc8, 0xc8, 0xff, 0xc8, 0xc8, 0xc8, 0xff,
    0xc8, 0xc8, 0xc8, 0xff, 0xc8, 0xc8, 0xc8, 0xff, 0xc8, 0xc8, 0xc8, 0xff,
    0xc8, 0xc8, 0xc8, 0xff, 0xc8, 0xc8, 0xc8, 0xff, 0xc8, 0xc8, 0xc8, 0xff,
    0x60, 0x00, 0x00, 0xff, 0x60, 0x00, 0x00, 0xff, 0x00, 0x00, 0x00, 0x00,
    0x00, 0x00, 0x00, 0x00, 0x00, 0x00, 0x00, 0x00, 0x00, 0x00, 0x00, 0x00,
    0x00, 0x00, 0x00, 0x00, 0x00, 0x00, 0x00, 0x00, 0x00, 0x00, 0x00, 0x00,
    0x00, 0x00, 0x00, 0x00, 0x00, 0x00, 0x00, 0x00, 0x00, 0x00, 0x00, 0x00,
    0x00, 0x00, 0x00, 0x00, 0x00, 0x00, 0x00, 0x00, 0x00, 0x00, 0x00, 0x00,
    0x00, 0x00, 0x00, 0x00, 0x00, 0x00, 0x00, 0x00, 0x00, 0x00, 0x00, 0x00,
    0x00, 0x00, 0x00, 0x00, 0x00, 0x00, 0x00, 0x00, 0x00, 0x00, 0x00, 0x00,
    0x00, 0x00, 0x00, 0x00, 0x00, 0x00, 0x00, 0x00, 0x00, 0x00, 0x00, 0x00,
    0x00, 0x00, 0x00, 0x00, 0x00, 0x00, 0x00, 0x00, 0x00, 0x00, 0x00, 0x00,
    0x00, 0x00, 0x00, 0x00, 0x00, 0x00, 0x00, 0x00, 0x00, 0x00, 0x00, 0x00,
    0x00, 0x00, 0x00, 0x00, 0x00, 0x00, 0x00, 0x00, 0x00, 0x00, 0x00, 0x00,
    0x00, 0x00, 0x00, 0x00, 0x00, 0x00, 0x00, 0x00, 0x00, 0x00, 0x00, 0x00,
    0x00, 0x00, 0x00, 0x00, 0x00, 0x00, 0x00, 0x00, 0x00, 0x00, 0x00, 0x00,
    0x00, 0x00, 0x00, 0x00, 0x00, 0x00, 0x00, 0x00, 0x00, 0x00, 0x00, 0x00,
    0x00, 0x00, 0x00, 0x00, 0x00, 0x00, 0x00, 0x00, 0x00, 0x00, 0x00, 0x00,
    0x00, 0x00, 0x00, 0x00, 0x00, 0x00, 0x00, 0x00, 0x00, 0x00, 0x00, 0x00,
    0x00, 0x00, 0x00, 0x00, 0x00, 0x00, 0x00, 0x00, 0x00, 0x00, 0x00, 0x00,
    0x00, 0x00, 0x00, 0x00, 0x00, 0x00, 0x00, 0x00, 0x00, 0x00, 0x00, 0x00,
    0x00, 0x00, 0x00, 0x00, 0x00, 0x00, 0x00, 0x00, 0x00, 0x00, 0x00, 0x00,
    0x00, 0x00, 0x00, 0x00, 0x60, 0x00, 0x00, 0xff, 0x60, 0x00, 0x00, 0xff,
    0xc8, 0xc8, 0xc8, 0xff, 0xc8, 0xc8, 0xc8, 0xff, 0xc8, 0xc8, 0xc8, 0xff,
    0xc8, 0xc8, 0xc8, 0xff, 0xc8, 0xc8, 0xc8, 0xff, 0xc8, 0xc8, 0xc8, 0xff,
    0xc8, 0xc8, 0xc8, 0xff, 0xc8, 0xc8, 0xc8, 0xff, 0xc8, 0xc8, 0xc8, 0xff,
    0xc8, 0xc8, 0xc8, 0xff, 0xc8, 0xc8, 0xc8, 0xff, 0xc8, 0xc8, 0xc8, 0xff,
    0xc8, 0xc8, 0xc8, 0xff, 0xc8, 0xc8, 0xc8, 0xff, 0xc8, 0xc8, 0xc8, 0xff,
    0xc8, 0xc8, 0xc8, 0xff, 0xc8, 0xc8, 0xc8, 0xff, 0xc8, 0xc8, 0xc8, 0xff,
    0xc8, 0xc8, 0xc8, 0xff, 0xc8, 0xc8, 0xc8, 0xff, 0xc8, 0xc8, 0xc8, 0xff,
    0xc8, 0xc8, 0xc8, 0xff, 0xc8, 0xc8, 0xc8, 0xff, 0xc8, 0xc8, 0xc8, 0xff,
    0xc8, 0xc8, 0xc8, 0xff, 0xc8, 0xc8, 0xc8, 0xff, 0xc8, 0xc8, 0xc8, 0xff,
    0xc8, 0xc8, 0xc8, 0xff, 0xc8, 0xc8, 0xc8, 0xff, 0xc8, 0xc8, 0xc8, 0xff,
    0xc8, 0xc8, 0xc8, 0xff, 0xc8, 0xc8, 0xc8, 0xff, 0xc8, 0xc8, 0xc8, 0xff,
    0xc8, 0xc8, 0xc8, 0xff, 0xc8, 0xc8, 0xc8, 0xff, 0xc8, 0xc8, 0xc8, 0xff,
    0xc8, 0xc8, 0xc8, 0xff, 0xc8, 0xc8, 0xc8, 0xff, 0xc8, 0xc8, 0xc8, 0xff,
    0xc8, 0xc8, 0xc8, 0xff, 0xc8, 0xc8, 0xc8, 0xff, 0xc8, 0xc8, 0xc8, 0xff,
    0xc8, 0xc8, 0xc8, 0xff, 0xc8, 0xc8, 0xc8, 0xff, 0xc8, 0xc8, 0xc8, 0xff,
    0xc8, 0xc8, 0xc8, 0xff, 0xc8, 0xc8, 0xc8, 0xff, 0xc8, 0xc8, 0xc8, 0xff,
    0xc8, 0xc8, 0xc8, 0xff, 0xc8, 0xc8, 0xc8, 0xff, 0xc8, 0xc8, 0xc8, 0xff,
    0xc8, 0xc8, 0xc8, 0xff, 0xc8, 0xc8, 0xc8, 0xff, 0xc8, 0xc8, 0xc8, 0xff,
    0xc8, 0xc8, 0xc8, 0xff, 0xc8, 0xc8, 0xc8, 0xff, 0xc8, 0xc8, 0xc8, 0xff,
    0xc8, 0xc8, 0xc8, 0xff, 0xc8, 0xc8, 0xc8, 0xff, 0xc8, 0xc8, 0xc8, 0xff,
    0xc8, 0xc8, 0xc8, 0xff, 0xc8, 0xc8, 0xc8, 0xff, 0xc8, 0xc8, 0xc8, 0xff,
    0xc8, 0xc8, 0xc8, 0xff, 0xc8, 0xc8, 0xc8, 0xff, 0xc8, 0xc8, 0xc8, 0xff,
    0xc8, 0xc8, 0xc8, 0xff, 0xc8, 0xc8, 0xc8, 0xff, 0x60, 0x00, 0x00, 0xff,
    0x60, 0x00, 0x00, 0xff, 0x00, 0x00, 0x00, 0x00, 0x00, 0x00, 0x00, 0x00,
    0x00, 0x00, 0x00, 0x00, 0x00, 0x00, 0x00, 0x00, 0x00, 0x00, 0x00, 0x00,
    0x00, 0x00, 0x00, 0x00, 0x00, 0x00, 0x00, 0x00, 0x00, 0x00, 0x00, 0x00,
    0x00, 0x00, 0x00, 0x00, 0x00, 0x00, 0x00, 0x00, 0x00, 0x00, 0x00, 0x00,
    0x00, 0x00, 0x00, 0x00, 0x00, 0x00, 0x00, 0x00, 0x00, 0x00, 0x00, 0x00,
    0x00, 0x00, 0x00, 0x00, 0x00, 0x00, 0x00, 0x00, 0x00, 0x00, 0x00, 0x00,
    0x00, 0x00, 0x00, 0x00, 0x00, 0x00, 0x00, 0x00, 0x00, 0x00, 0x00, 0x00,
    0x00, 0x00, 0x00, 0x00, 0x00, 0x00, 0x00, 0x00, 0x00, 0x00, 0x00, 0x00,
    0x00, 0x00, 0x00, 0x00, 0x00, 0x00, 0x00, 0x00, 0x00, 0x00, 0x00, 0x00,
    0x00, 0x00, 0x00, 0x00, 0x00, 0x00, 0x00, 0x00, 0x00, 0x00, 0x00, 0x00,
    0x00, 0x00, 0x00, 0x00, 0x00, 0x00, 0x00, 0x00, 0x00, 0x00, 0x00, 0x00,
    0x00, 0x00, 0x00, 0x00, 0x00, 0x00, 0x00, 0x00, 0x00, 0x00, 0x00, 0x00,
    0x00, 0x00, 0x00, 0x00, 0x00, 0x00, 0x00, 0x00, 0x00, 0x00, 0x00, 0x00,
    0x00, 0x00, 0x00, 0x00, 0x00, 0x00, 0x00, 0x00, 0x00, 0x00, 0x00, 0x00,
    0x00, 0x00, 0x00, 0x00, 0x00, 0x00, 0x00, 0x00, 0x00, 0x00, 0x00, 0x00,
    0x00, 0x00, 0x00, 0x00, 0x00, 0x00, 0x00, 0x00, 0x00, 0x00, 0x00, 0x00,
    0x00, 0x00, 0x00, 0x00, 0x00, 0x00, 0x00, 0x00, 0x00, 0x00, 0x00, 0x00,
    0x00, 0x00, 0x00, 0x00, 0x00, 0x00, 0x00, 0x00, 0x00, 0x00, 0x00, 0x00,
    0x00, 0x00, 0x00, 0x00, 0x60, 0x00, 0x00, 0xff, 0x60, 0x00, 0x00, 0xff,
    0xc8, 0xc8, 0xc8, 0xff, 0xc8, 0xc8, 0xc8, 0xff, 0xc8, 0xc8, 0xc8, 0xff,
    0xc8, 0xc8, 0xc8, 0xff, 0xc8, 0xc8, 0xc8, 0xff, 0xc8, 0xc8, 0xc8, 0xff,
    0xc8, 0xc8, 0xc8, 0xff, 0xc8, 0xc8, 0xc8, 0xff, 0xc8, 0xc8, 0xc8, 0xff,
    0xc8, 0xc8, 0xc8, 0xff, 0xc8, 0xc8, 0xc8, 0xff, 0xc8, 0xc8, 0xc8, 0xff,
    0xc8, 0xc8, 0xc8, 0xff, 0xc8, 0xc8, 0xc8, 0xff, 0xc8, 0xc8, 0xc8, 0xff,
    0xc8, 0xc8, 0xc8, 0xff, 0xc8, 0xc8, 0xc8, 0xff, 0xc8, 0xc8, 0xc8, 0xff,
    0xc8, 0xc8, 0xc8, 0xff, 0xc8, 0xc8, 0xc8, 0xff, 0xc8, 0xc8, 0xc8, 0xff,
    0xc8, 0xc8, 0xc8, 0xff, 0xc8, 0xc8, 0xc8, 0xff, 0xc8, 0xc8, 0xc8, 0xff,
    0xc8, 0xc8, 0xc8, 0xff, 0xc8, 0xc8, 0xc8, 0xff, 0xc8, 0xc8, 0xc8, 0xff,
    0xc8, 0xc8, 0xc8, 0xff, 0xc8, 0xc8, 0xc8, 0xff, 0xc8, 0xc8, 0xc8, 0xff,
    0xc8, 0xc8, 0xc8, 0xff, 0xc8, 0xc8, 0xc8, 0xff, 0xc8, 0xc8, 0xc8, 0xff,
    0xc8, 0xc8, 0xc8, 0xff, 0xc8, 0xc8, 0xc8, 0xff, 0xc8, 0xc8, 0xc8, 0xff,
    0xc8, 0xc8, 0xc8, 0xff, 0xc8, 0xc8, 0xc8, 0xff, 0xc8, 0xc8, 0xc8, 0xff,
    0xc8, 0xc8, 0xc8, 0xff, 0xc8, 0xc8, 0xc8, 0xff, 0xc8, 0xc8, 0xc8, 0xff,
    0xc8, 0xc8, 0xc8, 0xff, 0xc8, 0xc8, 0xc8, 0xff, 0xc8, 0xc8, 0xc8, 0xff,
    0xc8, 0xc8, 0xc8, 0xff, 0xc8, 0xc8, 0xc8, 0xff, 0xc8, 0xc8, 0xc8, 0xff,
    0xc8, 0xc8, 0xc8, 0xff, 0xc8, 0xc8, 0xc8, 0xff, 0xc8, 0xc8, 0xc8, 0xff,
    0xc8, 0xc8, 0xc8, 0xff, 0xc8, 0xc8, 0xc8, 0xff, 0xc8, 0xc8, 0xc8, 0xff,
    0xc8, 0xc8, 0xc8, 0xff, 0xc8, 0xc8, 0xc8, 0xff, 0xc8, 0xc8, 0xc8, 0xff,
    0xc8, 0xc8, 0xc8, 0xff, 0xc8, 0xc8, 0xc8, 0xff, 0xc8, 0xc8, 0xc8, 0xff,
    0xc8, 0xc8, 0xc8, 0xff, 0xc8, 0xc8, 0xc8, 0xff, 0xc8, 0xc8, 0xc8, 0xff,
    0xc8, 0xc8, 0xc8, 0xff, 0xc8, 0xc8, 0xc8, 0xff, 0xc8, 0xc8, 0xc8, 0xff,
    0xc8, 0xc8, 0xc8, 0xff, 0xc8, 0xc8, 0xc8, 0xff, 0xc8, 0xc8, 0xc8, 0xff,
    0xc8, 0xc8, 0xc8, 0xff, 0xc8, 0xc8, 0xc8, 0xff, 0xc8, 0xc8, 0xc8, 0xff,
    0x60, 0x00, 0x00, 0xff, 0x60, 0x00, 0x00, 0xff, 0x00, 0x00, 0x00, 0x00,
    0x00, 0x00, 0x00, 0x00, 0x00, 0x00, 0x00, 0x00, 0x00, 0x00, 0x00, 0x00,
    0x00, 0x00, 0x00, 0x00, 0x00, 0x00, 0x00, 0x00, 0x00, 0x00, 0x00, 0x00,
    0x00, 0x00, 0x00, 0x00, 0x00, 0x00, 0x00, 0x00, 0x00, 0x00, 0x00, 0x00,
    0x00, 0x00, 0x00, 0x00, 0x00, 0x00, 0x00, 0x00, 0x00, 0x00, 0x00, 0x00,
    0x00, 0x00, 0x00, 0x00, 0x00, 0x00, 0x00, 0x00, 0x00, 0x00, 0x00, 0x00,
    0x00, 0x00, 0x00, 0x00, 0x00, 0x00, 0x00, 0x00, 0x00, 0x00, 0x00, 0x00,
    0x00, 0x00, 0x00, 0x00, 0x00, 0x00, 0x00, 0x00, 0x00, 0x00, 0x00, 0x00,
    0x00, 0x00, 0x00, 0x00, 0x00, 0x00, 0x00, 0x00, 0x00, 0x00, 0x00, 0x00,
    0x00, 0x00, 0x00, 0x00, 0x00, 0x00, 0x00, 0x00, 0x00, 0x00, 0x00, 0x00,
    0x00, 0x00, 0x00, 0x00, 0x00, 0x00, 0x00, 0x00, 0x00, 0x00, 0x00, 0x00,
    0x00, 0x00, 0x00, 0x00, 0x00, 0x00, 0x00, 0x00, 0x00, 0x00, 0x00, 0x00,
    0x00, 0x00, 0x00, 0x00, 0x00, 0x00, 0x00, 0x00, 0x00, 0x00, 0x00, 0x00,
    0x00, 0x00, 0x00, 0x00, 0x00, 0x00, 0x00, 0x00, 0x00, 0x00, 0x00, 0x00,
    0x00, 0x00, 0x00, 0x00, 0x00, 0x00, 0x00, 0x00, 0x00, 0x00, 0x00, 0x00,
    0x00, 0x00, 0x00, 0x00, 0x00, 0x00, 0x00, 0x00, 0x00, 0x00, 0x00, 0x00,
    0x00, 0x00, 0x00, 0x00, 0x00, 0x00, 0x00, 0x00, 0x00, 0x00, 0x00, 0x00,
    0x00, 0x00, 0x00, 0x00, 0x00, 0x00, 0x00, 0x00, 0x00, 0x00, 0x00, 0x00,
    0x60, 0x00, 0x00, 0xff, 0x60, 0x00, 0x00, 0xff, 0xc8, 0xc8, 0xc8, 0xff,
    0xc8, 0xc8, 0xc8, 0xff, 0xc8, 0xc8, 0xc8, 0xff, 0xc8, 0xc8, 0xc8, 0xff,
    0xc8, 0xc8, 0xc8, 0xff, 0xc8, 0xc8, 0xc8, 0xff, 0xc8, 0xc8, 0xc8, 0xff,
    0xc8, 0xc8, 0xc8, 0xff, 0xc8, 0xc8, 0xc8, 0xff, 0xc8, 0xc8, 0xc8, 0xff,
    0xc8, 0xc8, 0xc8, 0xff, 0xc8, 0xc8, 0xc8, 0xff, 0xc8, 0xc8, 0xc8, 0xff,
    0xc8, 0xc8, 0xc8, 0xff, 0xc8, 0xc8, 0xc8, 0xff, 0xc8, 0xc8, 0xc8, 0xff,
    0xc8, 0xc8, 0xc8, 0xff, 0xc8, 0xc8, 0xc8, 0xff, 0xc8, 0xc8, 0xc8, 0xff,
    0xc8, 0xc8, 0xc8, 0xff, 0xc8, 0xc8, 0xc8, 0xff, 0xc8, 0xc8, 0xc8, 0xff,
    0xc8, 0xc8, 0xc8, 0xff, 0xc8, 0xc8, 0xc8, 0xff, 0xc8, 0xc8, 0xc8, 0xff,
    0xc8, 0xc8, 0xc8, 0xff, 0xc8, 0xc8, 0xc8, 0xff, 0xc8, 0xc8, 0xc8, 0xff,
    0xc8, 0xc8, 0xc8, 0xff, 0xc8, 0xc8, 0xc8, 0xff, 0xc8, 0xc8, 0xc8, 0xff,
    0xc8, 0xc8, 0xc8, 0xff, 0xc8, 0xc8, 0xc8, 0xff, 0xc8, 0xc8, 0xc8, 0xff,
    0xc8, 0xc8, 0xc8, 0xff, 0xc8, 0xc8, 0xc8, 0xff, 0xc8, 0xc8, 0xc8, 0xff,
    0xc8, 0xc8, 0xc8, 0xff, 0xc8, 0xc8, 0xc8, 0xff, 0xc8, 0xc8, 0xc8, 0xff,
    0xc8, 0xc8, 0xc8, 0xff, 0xc8, 0xc8, 0xc8, 0xff, 0xc8, 0xc8, 0xc8, 0xff,
    0xc8, 0xc8, 0xc8, 0xff, 0xc8, 0xc8, 0xc8, 0xff, 0xc8, 0xc8, 0xc8, 0xff,
    0xc8, 0xc8, 0xc8, 0xff, 0xc8, 0xc8, 0xc8, 0xff, 0xc8, 0xc8, 0xc8, 0xff,
    0xc8, 0xc8, 0xc8, 0xff, 0xc8, 0xc8, 0xc8, 0xff, 0xc8, 0xc8, 0xc8, 0xff,
    0xc8, 0xc8, 0xc8, 0xff, 0xc8, 0xc8, 0xc8, 0xff, 0xc8, 0xc8, 0xc8, 0xff,
    0xc8, 0xc8, 0xc8, 0xff, 0xc8, 0xc8, 0xc8, 0xff, 0xc8, 0xc8, 0xc8, 0xff,
    0xc8, 0xc8, 0xc8, 0xff, 0xc8, 0xc8, 0xc8, 0xff, 0xc8, 0xc8, 0xc8, 0xff,
    0xc8, 0xc8, 0xc8, 0xff, 0xc8, 0xc8, 0xc8, 0xff, 0xc8, 0xc8, 0xc8, 0xff,
    0xc8, 0xc8, 0xc8, 0xff, 0xc8, 0xc8, 0xc8, 0xff, 0xc8, 0xc8, 0xc8, 0xff,
    0xc8, 0xc8, 0xc8, 0xff, 0xc8, 0xc8, 0xc8, 0xff, 0xc8, 0xc8, 0xc8, 0xff,
    0xc8, 0xc8, 0xc8, 0xff, 0xc8, 0xc8, 0xc8, 0xff, 0x60, 0x00, 0x00, 0xff,
    0x60, 0x00, 0x00, 0xff, 0x00, 0x00, 0x00, 0x00, 0x00, 0x00, 0x00, 0x00,
    0x00, 0x00, 0x00, 0x00, 0x00, 0x00, 0x00, 0x00, 0x00, 0x00, 0x00, 0x00,
    0x00, 0x00, 0x00, 0x00, 0x00, 0x00, 0x00, 0x00, 0x00, 0x00, 0x00, 0x00,
    0x00, 0x00, 0x00, 0x00, 0x00, 0x00, 0x00, 0x00, 0x00, 0x00, 0x00, 0x00,
    0x00, 0x00, 0x00, 0x00, 0x00, 0x00, 0x00, 0x00, 0x00, 0x00, 0x00, 0x00,
    0x00, 0x00, 0x00, 0x00, 0x00, 0x00, 0x00, 0x00, 0x00, 0x00, 0x00, 0x00,
    0x00, 0x00, 0x00, 0x00, 0x00, 0x00, 0x00, 0x00, 0x00, 0x00, 0x00, 0x00,
    0x00, 0x00, 0x00, 0x00, 0x00, 0x00, 0x00, 0x00, 0x00, 0x00, 0x00, 0x00,
    0x00, 0x00, 0x00, 0x00, 0x00, 0x00, 0x00, 0x00, 0x00, 0x00, 0x00, 0x00,
    0x00, 0x00, 0x00, 0x00, 0x00, 0x00, 0x00, 0x00, 0x00, 0x00, 0x00, 0x00,
    0x00, 0x00, 0x00, 0x00, 0x00, 0x00, 0x00, 0x00, 0x00, 0x00, 0x00, 0x00,
    0x00, 0x00, 0x00, 0x00, 0x00, 0x00, 0x00, 0x00, 0x00, 0x00, 0x00, 0x00,
    0x00, 0x00, 0x00, 0x00, 0x00, 0x00, 0x00, 0x00, 0x00, 0x00, 0x00, 0x00,
    0x00, 0x00, 0x00, 0x00, 0x00, 0x00, 0x00, 0x00, 0x00, 0x00, 0x00, 0x00,
    0x00, 0x00, 0x00, 0x00, 0x00, 0x00, 0x00, 0x00, 0x00, 0x00, 0x00, 0x00,
    0x00, 0x00, 0x00, 0x00, 0x00, 0x00, 0x00, 0x00, 0x00, 0x00, 0x00, 0x00,
    0x00, 0x00, 0x00, 0x00, 0x00, 0x00, 0x00, 0x00, 0x00, 0x00, 0x00, 0x00,
    0x60, 0x00, 0x00, 0xff, 0x60, 0x00, 0x00, 0xff, 0xc8, 0xc8, 0xc8, 0xff,
    0xc8, 0xc8, 0xc8, 0xff, 0xc8, 0xc8, 0xc8, 0xff, 0xc8, 0xc8, 0xc8, 0xff,
    0xc8, 0xc8, 0xc8, 0xff, 0xc8, 0xc8, 0xc8, 0xff, 0xc8, 0xc8, 0xc8, 0xff,
    0xc8, 0xc8, 0xc8, 0xff, 0xc8, 0xc8, 0xc8, 0xff, 0xc8, 0xc8, 0xc8, 0xff,
    0xc8, 0xc8, 0xc8, 0xff, 0xc8, 0xc8, 0xc8, 0xff, 0xc8, 0xc8, 0xc8, 0xff,
    0xc8, 0xc8, 0xc8, 0xff, 0xc8, 0xc8, 0xc8, 0xff, 0xc8, 0xc8, 0xc8, 0xff,
    0xc8, 0xc8, 0xc8, 0xff, 0xc8, 0xc8, 0xc8, 0xff, 0xc8, 0xc8, 0xc8, 0xff,
    0xc8, 0xc8, 0xc8, 0xff, 0xc8, 0xc8, 0xc8, 0xff, 0xc8, 0xc8, 0xc8, 0xff,
    0xc8, 0xc8, 0xc8, 0xff, 0xc8, 0xc8, 0xc8, 0xff, 0xc8, 0xc8, 0xc8, 0xff,
    0xc8, 0xc8, 0xc8, 0xff, 0xc8, 0xc8, 0xc8, 0xff, 0xc8, 0xc8, 0xc8, 0xff,
    0xc8, 0xc8, 0xc8, 0xff, 0xc8, 0xc8, 0xc8, 0xff, 0xc8, 0xc8, 0xc8, 0xff,
    0xc8, 0xc8, 0xc8, 0xff, 0xc8, 0xc8, 0xc8, 0xff, 0xc8, 0xc8, 0xc8, 0xff,
    0xc8, 0xc8, 0xc8, 0xff, 0xc8, 0xc8, 0xc8, 0xff, 0xc8, 0xc8, 0xc8, 0xff,
    0xc8, 0xc8, 0xc8, 0xff, 0xc8, 0xc8, 0xc8, 0xff, 0xc8, 0xc8, 0xc8, 0xff,
    0xc8, 0xc8, 0xc8, 0xff, 0xc8, 0xc8, 0xc8, 0xff, 0xc8, 0xc8, 0xc8, 0xff,
    0xc8, 0xc8, 0xc8, 0xff, 0xc8, 0xc8, 0xc8, 0xff, 0xc8, 0xc8, 0xc8, 0xff,
    0xc8, 0xc8, 0xc8, 0xff, 0xc8, 0xc8, 0xc8, 0xff, 0xc8, 0xc8, 0xc8, 0xff,
    0xc8, 0xc8, 0xc8, 0xff, 0xc8, 0xc8, 0xc8, 0xff, 0xc8, 0xc8, 0xc8, 0xff,
    0xc8, 0xc8, 0xc8, 0xff, 0xc8, 0xc8, 0xc8, 0xff, 0xc8, 0xc8, 0xc8, 0xff,
    0xc8, 0xc8, 0xc8, 0xff, 0xc8, 0xc8, 0xc8, 0xff, 0xc8, 0xc8, 0xc8, 0xff,
    0xc8, 0xc8, 0xc8, 0xff, 0xc8, 0xc8, 0xc8, 0xff, 0xc8, 0xc8, 0xc8, 0xff,
    0xc8, 0xc8, 0xc8, 0xff, 0xc8, 0xc8, 0xc8, 0xff, 0xc8, 0xc8, 0xc8, 0xff,
    0xc8, 0xc8, 0xc8, 0xff, 0xc8, 0xc8, 0xc8, 0xff, 0xc8, 0xc8, 0xc8, 0xff,
    0xc8, 0xc8, 0xc8, 0xff, 0xc8, 0xc8, 0xc8, 0xff, 0xc8, 0xc8, 0xc8, 0xff,
    0xc8, 0xc8, 0xc8, 0xff, 0xc8, 0xc8, 0xc8, 0xff, 0xc8, 0xc8, 0xc8, 0xff,
    0xc8, 0xc8, 0xc8, 0xff, 0xc8, 0xc8, 0xc8, 0xff, 0xc8, 0xc8, 0xc8, 0xff,
    0x60, 0x00, 0x00, 0xff, 0x60, 0x00, 0x00, 0xff, 0x00, 0x00, 0x00, 0x00,
    0x00, 0x00, 0x00, 0x00, 0x00, 0x00, 0x00, 0x00, 0x00, 0x00, 0x00, 0x00,
    0x00, 0x00, 0x00, 0x00, 0x00, 0x00, 0x00, 0x00, 0x00, 0x00, 0x00, 0x00,
    0x00, 0x00, 0x00, 0x00, 0x00, 0x00, 0x00, 0x00, 0x00, 0x00, 0x00, 0x00,
    0x00, 0x00, 0x00, 0x00, 0x00, 0x00, 0x00, 0x00, 0x00, 0x00, 0x00, 0x00,
    0x00, 0x00, 0x00, 0x00, 0x00, 0x00, 0x00, 0x00, 0x00, 0x00, 0x00, 0x00,
    0x00, 0x00, 0x00, 0x00, 0x00, 0x00, 0x00, 0x00, 0x00, 0x00, 0x00, 0x00,
    0x00, 0x00, 0x00, 0x00, 0x00, 0x00, 0x00, 0x00, 0x00, 0x00, 0x00, 0x00,
    0x00, 0x00, 0x00, 0x00, 0x00, 0x00, 0x00, 0x00, 0x00, 0x00, 0x00, 0x00,
    0x00, 0x00, 0x00, 0x00, 0x00, 0x00, 0x00, 0x00, 0x00, 0x00, 0x00, 0x00,
    0x00, 0x00, 0x00, 0x00, 0x00, 0x00, 0x00, 0x00, 0x00, 0x00, 0x00, 0x00,
    0x00, 0x00, 0x00, 0x00, 0x00, 0x00, 0x00, 0x00, 0x00, 0x00, 0x00, 0x00,
    0x00, 0x00, 0x00, 0x00, 0x00, 0x00, 0x00, 0x00, 0x00, 0x00, 0x00, 0x00,
    0x00, 0x00, 0x00, 0x00, 0x00, 0x00, 0x00, 0x00, 0x00, 0x00, 0x00, 0x00,
    0x00, 0x00, 0x00, 0x00, 0x00, 0x00, 0x00, 0x00, 0x00, 0x00, 0x00, 0x00,
    0x00, 0x00, 0x00, 0x00, 0x00, 0x00, 0x00, 0x00, 0x00, 0x00, 0x00, 0x00,
    0x00, 0x00, 0x00, 0x00, 0x00, 0x00, 0x00, 0x00, 0x60, 0x00, 0x00, 0xff,
    0x60, 0x00, 0x00, 0xff, 0xc8, 0xc8, 0xc8, 0xff, 0xc8, 0xc8, 0xc8, 0xff,
    0xc8, 0xc8, 0xc8, 0xff, 0xc8, 0xc8, 0xc8, 0xff, 0xc8, 0xc8, 0xc8, 0xff,
    0xc8, 0xc8, 0xc8, 0xff, 0xc8, 0xc8, 0xc8, 0xff, 0xc8, 0xc8, 0xc8, 0xff,
    0xc8, 0xc8, 0xc8, 0xff, 0xc8, 0xc8, 0xc8, 0xff, 0xc8, 0xc8, 0xc8, 0xff,
    0xc8, 0xc8, 0xc8, 0xff, 0xc8, 0xc8, 0xc8, 0xff, 0xc8, 0xc8, 0xc8, 0xff,
    0xc8, 0xc8, 0xc8, 0xff, 0xc8, 0xc8, 0xc8, 0xff, 0xc8, 0xc8, 0xc8, 0xff,
    0xc8, 0xc8, 0xc8, 0xff, 0xc8, 0xc8, 0xc8, 0xff, 0xc8, 0xc8, 0xc8, 0xff,
    0xc8, 0xc8, 0xc8, 0xff, 0xc8, 0xc8, 0xc8, 0xff, 0xc8, 0xc8, 0xc8, 0xff,
    0xc8, 0xc8, 0xc8, 0xff, 0xc8, 0xc8, 0xc8, 0xff, 0xc8, 0xc8, 0xc8, 0xff,
    0xc8, 0xc8, 0xc8, 0xff, 0xc8, 0xc8, 0xc8, 0xff, 0xc8, 0xc8, 0xc8, 0xff,
    0xc8, 0xc8, 0xc8, 0xff, 0xc8, 0xc8, 0xc8, 0xff, 0xc8, 0xc8, 0xc8, 0xff,
    0xc8, 0xc8, 0xc8, 0xff, 0xc8, 0xc8, 0xc8, 0xff, 0xc8, 0xc8, 0xc8, 0xff,
    0xc8, 0xc8, 0xc8, 0xff, 0xc8, 0xc8, 0xc8, 0xff, 0xc8, 0xc8, 0xc8, 0xff,
    0xc8, 0xc8, 0xc8, 0xff, 0xc8, 0xc8, 0xc8, 0xff, 0xc8, 0xc8, 0xc8, 0xff,
    0xc8, 0xc8, 0xc8, 0xff, 0xc8, 0xc8, 0xc8, 0xff, 0xc8, 0xc8, 0xc8, 0xff,
    0xc8, 0xc8, 0xc8, 0xff, 0xc8, 0xc8, 0xc8, 0xff, 0xc8, 0xc8, 0xc8, 0xff,
    0xc8, 0xc8, 0xc8, 0xff, 0xc8, 0xc8, 0xc8, 0xff, 0xc8, 0xc8, 0xc8, 0xff,
    0xc8, 0xc8, 0xc8, 0xff, 0xc8, 0xc8, 0xc8, 0xff, 0xc8, 0xc8, 0xc8, 0xff,
    0xc8, 0xc8, 0xc8, 0xff, 0xc8, 0xc8, 0xc8, 0xff, 0xc8, 0xc8, 0xc8, 0xff,
    0xc8, 0xc8, 0xc8, 0xff, 0xc8, 0xc8, 0xc8, 0xff, 0xc8, 0xc8, 0xc8, 0xff,
    0xc8, 0xc8, 0xc8, 0xff, 0xc8, 0xc8, 0xc8, 0xff, 0xc8, 0xc8, 0xc8, 0xff,
    0xc8, 0xc8, 0xc8, 0xff, 0xc8, 0xc8, 0xc8, 0xff, 0xc8, 0xc8, 0xc8, 0xff,
    0xc8, 0xc8, 0xc8, 0xff, 0xc8, 0xc8, 0xc8, 0xff, 0xc8, 0xc8, 0xc8, 0xff,
    0xc8, 0xc8, 0xc8, 0xff, 0xc8, 0xc8, 0xc8, 0xff, 0xc8, 0xc8, 0xc8, 0xff,
    0xc8, 0xc8, 0xc8, 0xff, 0xc8, 0xc8, 0xc8, 0xff, 0xc8, 0xc8, 0xc8, 0xff,
    0xc8, 0xc8, 0xc8, 0xff, 0xc8, 0xc8, 0xc8, 0xff, 0x60, 0x00, 0x00, 0xff,
    0x60, 0x00, 0x00, 0xff, 0x00, 0x00, 0x00, 0x00, 0x00, 0x00, 0x00, 0x00,
    0x00, 0x00, 0x00, 0x00, 0x00, 0x00, 0x00, 0x00, 0x00, 0x00, 0x00, 0x00,
    0x00, 0x00, 0x00, 0x00, 0x00, 0x00, 0x00, 0x00, 0x00, 0x00, 0x00, 0x00,
    0x00, 0x00, 0x00, 0x00, 0x00, 0x00, 0x00, 0x00, 0x00, 0x00, 0x00, 0x00,
    0x00, 0x00, 0x00, 0x00, 0x00, 0x00, 0x00, 0x00, 0x00, 0x00, 0x00, 0x00,
    0x00, 0x00, 0x00, 0x00, 0x00, 0x00, 0x00, 0x00, 0x00, 0x00, 0x00, 0x00,
    0x00, 0x00, 0x00, 0x00, 0x00, 0x00, 0x00, 0x00, 0x00, 0x00, 0x00, 0x00,
    0x00, 0x00, 0x00, 0x00, 0x00, 0x00, 0x00, 0x00, 0x00, 0x00, 0x00, 0x00,
    0x00, 0x00, 0x00, 0x00, 0x00, 0x00, 0x00, 0x00, 0x00, 0x00, 0x00, 0x00,
    0x00, 0x00, 0x00, 0x00, 0x00, 0x00, 0x00, 0x00, 0x00, 0x00, 0x00, 0x00,
    0x00, 0x00, 0x00, 0x00, 0x00, 0x00, 0x00, 0x00, 0x00, 0x00, 0x00, 0x00,
    0x00, 0x00, 0x00, 0x00, 0x00, 0x00, 0x00, 0x00, 0x00, 0x00, 0x00, 0x00,
    0x00, 0x00, 0x00, 0x00, 0x00, 0x00, 0x00, 0x00, 0x00, 0x00, 0x00, 0x00,
    0x00, 0x00, 0x00, 0x00, 0x00, 0x00, 0x00, 0x00, 0x00, 0x00, 0x00, 0x00,
    0x00, 0x00, 0x00, 0x00, 0x00, 0x00, 0x00, 0x00, 0x00, 0x00, 0x00, 0x00,
    0x00, 0x00, 0x00, 0x00, 0x00, 0x00, 0x00, 0x00, 0x60, 0x00, 0x00, 0xff,
    0x60, 0x00, 0x00, 0xff, 0xc8, 0xc8, 0xc8, 0xff, 0xc8, 0xc8, 0xc8, 0xff,
    0xc8, 0xc8, 0xc8, 0xff, 0xc8, 0xc8, 0xc8, 0xff, 0xc8, 0xc8, 0xc8, 0xff,
    0xc8, 0xc8, 0xc8, 0xff, 0xc8, 0xc8, 0xc8, 0xff, 0xc8, 0xc8, 0xc8, 0xff,
    0xc8, 0xc8, 0xc8, 0xff, 0xc8, 0xc8, 0xc8, 0xff, 0xc8, 0xc8, 0xc8, 0xff,
    0xc8, 0xc8, 0xc8, 0xff, 0xc8, 0xc8, 0xc8, 0xff, 0xc8, 0xc8, 0xc8, 0xff,
    0xc8, 0xc8, 0xc8, 0xff, 0xc8, 0xc8, 0xc8, 0xff, 0xc8, 0xc8, 0xc8, 0xff,
    0xc8, 0xc8, 0xc8, 0xff, 0xc8, 0xc8, 0xc8, 0xff, 0xc8, 0xc8, 0xc8, 0xff,
    0xc8, 0xc8, 0xc8, 0xff, 0xc8, 0xc8, 0xc8, 0xff, 0xc8, 0xc8, 0xc8, 0xff,
    0xc8, 0xc8, 0xc8, 0xff, 0x60, 0x00, 0x00, 0xff, 0x60, 0x00, 0x00, 0xff,
    0x60, 0x00, 0x00, 0xff, 0x60, 0x00, 0x00, 0xff, 0x60, 0x00, 0x00, 0xff,
    0x60, 0x00, 0x00, 0xff, 0x60, 0x00, 0x00, 0xff, 0x60, 0x00, 0x00, 0xff,
    0x60, 0x00, 0x00, 0xff, 0x60, 0x00, 0x00, 0xff, 0x60, 0x00, 0x00, 0xff,
    0x60, 0x00, 0x00, 0xff, 0x60, 0x00, 0x00, 0xff, 0x60, 0x00, 0x00, 0xff,
    0x60, 0x00, 0x00, 0xff, 0x60, 0x00, 0x00, 0xff, 0x60, 0x00, 0x00, 0xff,
    0x60, 0x00, 0x00, 0xff, 0x60, 0x00, 0x00, 0xff, 0x60, 0x00, 0x00, 0xff,
    0x60, 0x00, 0x00, 0xff, 0x60, 0x00, 0x00, 0xff, 0x60, 0x00, 0x00, 0xff,
    0x60, 0x00, 0x00, 0xff, 0x60, 0x00, 0x00, 0xff, 0x60, 0x00, 0x00, 0xff,
    0x60, 0x00, 0x00, 0xff, 0x60, 0x00, 0x00, 0xff, 0x60, 0x00, 0x00, 0xff,
    0x60, 0x00, 0x00, 0xff, 0x60, 0x00, 0x00, 0xff, 0x60, 0x00, 0x00, 0xff,
    0xc8, 0xc8, 0xc8, 0xff, 0xc8, 0xc8, 0xc8, 0xff, 0xc8, 0xc8, 0xc8, 0xff,
    0xc8, 0xc8, 0xc8, 0xff, 0xc8, 0xc8, 0xc8, 0xff, 0xc8, 0xc8, 0xc8, 0xff,
    0xc8, 0xc8, 0xc8, 0xff, 0xc8, 0xc8, 0xc8, 0xff, 0xc8, 0xc8, 0xc8, 0xff,
    0xc8, 0xc8, 0xc8, 0xff, 0xc8, 0xc8, 0xc8, 0xff, 0xc8, 0xc8, 0xc8, 0xff,
    0xc8, 0xc8, 0xc8, 0xff, 0xc8, 0xc8, 0xc8, 0xff, 0xc8, 0xc8, 0xc8, 0xff,
    0xc8, 0xc8, 0xc8, 0xff, 0xc8, 0xc8, 0xc8, 0xff, 0xc8, 0xc8, 0xc8, 0xff,
    0xc8, 0xc8, 0xc8, 0xff, 0xc8, 0xc8, 0xc8, 0xff, 0xc8, 0xc8, 0xc8, 0xff,
    0xc8, 0xc8, 0xc8, 0xff, 0xc8, 0xc8, 0xc8, 0xff, 0xc8, 0xc8, 0xc8, 0xff,
    0x60, 0x00, 0x00, 0xff, 0x60, 0x00, 0x00, 0xff, 0x00, 0x00, 0x00, 0x00,
    0x00, 0x00, 0x00, 0x00, 0x00, 0x00, 0x00, 0x00, 0x00, 0x00, 0x00, 0x00,
    0x00, 0x00, 0x00, 0x00, 0x00, 0x00, 0x00, 0x00, 0x00, 0x00, 0x00, 0x00,
    0x00, 0x00, 0x00, 0x00, 0x00, 0x00, 0x00, 0x00, 0x00, 0x00, 0x00, 0x00,
    0x00, 0x00, 0x00, 0x00, 0x00, 0x00, 0x00, 0x00, 0x00, 0x00, 0x00, 0x00,
    0x00, 0x00, 0x00, 0x00, 0x00, 0x00, 0x00, 0x00, 0x00, 0x00, 0x00, 0x00,
    0x00, 0x00, 0x00, 0x00, 0x00, 0x00, 0x00, 0x00, 0x00, 0x00, 0x00, 0x00,
    0x00, 0x00, 0x00, 0x00, 0x00, 0x00, 0x00, 0x00, 0x00, 0x00, 0x00, 0x00,
    0x00, 0x00, 0x00, 0x00, 0x00, 0x00, 0x00, 0x00, 0x00, 0x00, 0x00, 0x00,
    0x00, 0x00, 0x00, 0x00, 0x00, 0x00, 0x00, 0x00, 0x00, 0x00, 0x00, 0x00,
    0x00, 0x00, 0x00, 0x00, 0x00, 0x00, 0x00, 0x00, 0x00, 0x00, 0x00, 0x00,
    0x00, 0x00, 0x00, 0x00, 0x00, 0x00, 0x00, 0x00, 0x00, 0x00, 0x00, 0x00,
    0x00, 0x00, 0x00, 0x00, 0x00, 0x00, 0x00, 0x00, 0x00, 0x00, 0x00, 0x00,
    0x00, 0x00, 0x00, 0x00, 0x00, 0x00, 0x00, 0x00, 0x00, 0x00, 0x00, 0x00,
    0x00, 0x00, 0x00, 0x00, 0x00, 0x00, 0x00, 0x00, 0x00, 0x00, 0x00, 0x00,
    0x00, 0x00, 0x00, 0x00, 0x60, 0x00, 0x00, 0xff, 0x60, 0x00, 0x00, 0xff,
    0xc8, 0xc8, 0xc8, 0xff, 0xc8, 0xc8, 0xc8, 0xff, 0xc8, 0xc8, 0xc8, 0xff,
    0xc8, 0xc8, 0xc8, 0xff, 0xc8, 0xc8, 0xc8, 0xff, 0xc8, 0xc8, 0xc8, 0xff,
    0xc8, 0xc8, 0xc8, 0xff, 0xc8, 0xc8, 0xc8, 0xff, 0xc8, 0xc8, 0xc8, 0xff,
    0xc8, 0xc8, 0xc8, 0xff, 0xc8, 0xc8, 0xc8, 0xff, 0xc8, 0xc8, 0xc8, 0xff,
    0xc8, 0xc8, 0xc8, 0xff, 0xc8, 0xc8, 0xc8, 0xff, 0xc8, 0xc8, 0xc8, 0xff,
    0xc8, 0xc8, 0xc8, 0xff, 0xc8, 0xc8, 0xc8, 0xff, 0xc8, 0xc8, 0xc8, 0xff,
    0xc8, 0xc8, 0xc8, 0xff, 0xc8, 0xc8, 0xc8, 0xff, 0xc8, 0xc8, 0xc8, 0xff,
    0xc8, 0xc8, 0xc8, 0xff, 0xc8, 0xc8, 0xc8, 0xff, 0xc8, 0xc8, 0xc8, 0xff,
    0x60, 0x00, 0x00, 0xff, 0x60, 0x00, 0x00, 0xff, 0x60, 0x00, 0x00, 0xff,
    0x60, 0x00, 0x00, 0xff, 0x60, 0x00, 0x00, 0xff, 0x60, 0x00, 0x00, 0xff,
    0x60, 0x00, 0x00, 0xff, 0x60, 0x00, 0x00, 0xff, 0x60, 0x00, 0x00, 0xff,
    0x60, 0x00, 0x00, 0xff, 0x60, 0x00, 0x00, 0xff, 0x60, 0x00, 0x00, 0xff,
    0x60, 0x00, 0x00, 0xff, 0x60, 0x00, 0x00, 0xff, 0x60, 0x00, 0x00, 0xff,
    0x60, 0x00, 0x00, 0xff, 0x60, 0x00, 0x00, 0xff, 0x60, 0x00, 0x00, 0xff,
    0x60, 0x00, 0x00, 0xff, 0x60, 0x00, 0x00, 0xff, 0x60, 0x00, 0x00, 0xff,
    0x60, 0x00, 0x00, 0xff, 0x60, 0x00, 0x00, 0xff, 0x60, 0x00, 0x00, 0xff,
    0x60, 0x00, 0x00, 0xff, 0x60, 0x00, 0x00, 0xff, 0x60, 0x00, 0x00, 0xff,
    0x60, 0x00, 0x00, 0xff, 0x60, 0x00, 0x00, 0xff, 0x60, 0x00, 0x00, 0xff,
    0x60, 0x00, 0x00, 0xff, 0x60, 0x00, 0x00, 0xff, 0xc8, 0xc8, 0xc8, 0xff,
    0xc8, 0xc8, 0xc8, 0xff, 0xc8, 0xc8, 0xc8, 0xff, 0xc8, 0xc8, 0xc8, 0xff,
    0xc8, 0xc8, 0xc8, 0xff, 0xc8, 0xc8, 0xc8, 0xff, 0xc8, 0xc8, 0xc8, 0xff,
    0xc8, 0xc8, 0xc8, 0xff, 0xc8, 0xc8, 0xc8, 0xff, 0xc8, 0xc8, 0xc8, 0xff,
    0xc8, 0xc8, 0xc8, 0xff, 0xc8, 0xc8, 0xc8, 0xff, 0xc8, 0xc8, 0xc8, 0xff,
    0xc8, 0xc8, 0xc8, 0xff, 0xc8, 0xc8, 0xc8, 0xff, 0xc8, 0xc8, 0xc8, 0xff,
    0xc8, 0xc8, 0xc8, 0xff, 0xc8, 0xc8, 0xc8, 0xff, 0xc8, 0xc8, 0xc8, 0xff,
    0xc8, 0xc8, 0xc8, 0xff, 0xc8, 0xc8, 0xc8, 0xff, 0xc8, 0xc8, 0xc8, 0xff,
    0xc8, 0xc8, 0xc8, 0xff, 0xc8, 0xc8, 0xc8, 0xff, 0x60, 0x00, 0x00, 0xff,
    0x60, 0x00, 0x00, 0xff, 0x00, 0x00, 0x00, 0x00, 0x00, 0x00, 0x00, 0x00,
    0x00, 0x00, 0x00, 0x00, 0x00, 0x00, 0x00, 0x00, 0x00, 0x00, 0x00, 0x00,
    0x00, 0x00, 0x00, 0x00, 0x00, 0x00, 0x00, 0x00, 0x00, 0x00, 0x00, 0x00,
    0x00, 0x00, 0x00, 0x00, 0x00, 0x00, 0x00, 0x00, 0x00, 0x00, 0x00, 0x00,
    0x00, 0x00, 0x00, 0x00, 0x00, 0x00, 0x00, 0x00, 0x00, 0x00, 0x00, 0x00,
    0x00, 0x00, 0x00, 0x00, 0x00, 0x00, 0x00, 0x00, 0x00, 0x00, 0x00, 0x00,
    0x00, 0x00, 0x00, 0x00, 0x00, 0x00, 0x00, 0x00, 0x00, 0x00, 0x00, 0x00,
    0x00, 0x00, 0x00, 0x00, 0x00, 0x00, 0x00, 0x00, 0x00, 0x00, 0x00, 0x00,
    0x00, 0x00, 0x00, 0x00, 0x00, 0x00, 0x00, 0x00, 0x00, 0x00, 0x00, 0x00,
    0x00, 0x00, 0x00, 0x00, 0x00, 0x00, 0x00, 0x00, 0x00, 0x00, 0x00, 0x00,
    0x00, 0x00, 0x00, 0x00, 0x00, 0x00, 0x00, 0x00, 0x00, 0x00, 0x00, 0x00,
    0x00, 0x00, 0x00, 0x00, 0x00, 0x00, 0x00, 0x00, 0x00, 0x00, 0x00, 0x00,
    0x00, 0x00, 0x00, 0x00, 0x00, 0x00, 0x00, 0x00, 0x00, 0x00, 0x00, 0x00,
    0x00, 0x00, 0x00, 0x00, 0x00, 0x00, 0x00, 0x00, 0x00, 0x00, 0x00, 0x00,
    0x00, 0x00, 0x00, 0x00, 0x00, 0x00, 0x00, 0x00, 0x00, 0x00, 0x00, 0x00,
    0x60, 0x00, 0x00, 0xff, 0x60, 0x00, 0x00, 0xff, 0xc8, 0xc8, 0xc8, 0xff,
    0xc8, 0xc8, 0xc8, 0xff, 0xc8, 0xc8, 0xc8, 0xff, 0xc8, 0xc8, 0xc8, 0xff,
    0xc8, 0xc8, 0xc8, 0xff, 0xc8, 0xc8, 0xc8, 0xff, 0xc8, 0xc8, 0xc8, 0xff,
    0xc8, 0xc8, 0xc8, 0xff, 0xc8, 0xc8, 0xc8, 0xff, 0xc8, 0xc8, 0xc8, 0xff,
    0xc8, 0xc8, 0xc8, 0xff, 0xc8, 0xc8, 0xc8, 0xff, 0xc8, 0xc8, 0xc8, 0xff,
    0xc8, 0xc8, 0xc8, 0xff, 0xc8, 0xc8, 0xc8, 0xff, 0xc8, 0xc8, 0xc8, 0xff,
    0xc8, 0xc8, 0xc8, 0xff, 0xc8, 0xc8, 0xc8, 0xff, 0x60, 0x00, 0x00, 0xff,
    0x60, 0x00, 0x00, 0xff, 0x60, 0x00, 0x00, 0xff, 0x60, 0x00, 0x00, 0xff,
    0x60, 0x00, 0x00, 0xff, 0x60, 0x00, 0x00, 0xff, 0x00, 0x00, 0x00, 0x00,
    0x00, 0x00, 0x00, 0x00, 0x00, 0x00, 0x00, 0x00, 0x00, 0x00, 0x00, 0x00,
    0x00, 0x00, 0x00, 0x00, 0x00, 0x00, 0x00, 0x00, 0x00, 0x00, 0x00, 0x00,
    0x00, 0x00, 0x00, 0x00, 0x00, 0x00, 0x00, 0x00, 0x00, 0x00, 0x00, 0x00,
    0x00, 0x00, 0x00, 0x00, 0x00, 0x00, 0x00, 0x00, 0x00, 0x00, 0x00, 0x00,
    0x00, 0x00, 0x00, 0x00, 0x00, 0x00, 0x00, 0x00, 0x00, 0x00, 0x00, 0x00,
    0x00, 0x00, 0x00, 0x00, 0x00, 0x00, 0x00, 0x00, 0x00, 0x00, 0x00, 0x00,
    0x00, 0x00, 0x00, 0x00, 0x00, 0x00, 0x00, 0x00, 0x00, 0x00, 0x00, 0x00,
    0x00, 0x00, 0x00, 0x00, 0x00, 0x00, 0x00, 0x00, 0x00, 0x00, 0x00, 0x00,
    0x00, 0x00, 0x00, 0x00, 0x00, 0x00, 0x00, 0x00, 0x00, 0x00, 0x00, 0x00,
    0x00, 0x00, 0x00, 0x00, 0x00, 0x00, 0x00, 0x00, 0x00, 0x00, 0x00, 0x00,
    0x00, 0x00, 0x00, 0x00, 0x60, 0x00, 0x00, 0xff, 0x60, 0x00, 0x00, 0xff,
    0x60, 0x00, 0x00, 0xff, 0x60, 0x00, 0x00, 0xff, 0x60, 0x00, 0x00, 0xff,
    0x60, 0x00, 0x00, 0xff, 0xc8, 0xc8, 0xc8, 0xff, 0xc8, 0xc8, 0xc8, 0xff,
    0xc8, 0xc8, 0xc8, 0xff, 0xc8, 0xc8, 0xc8, 0xff, 0xc8, 0xc8, 0xc8, 0xff,
    0xc8, 0xc8, 0xc8, 0xff, 0xc8, 0xc8, 0xc8, 0xff, 0xc8, 0xc8, 0xc8, 0xff,
    0xc8, 0xc8, 0xc8, 0xff, 0xc8, 0xc8, 0xc8, 0xff, 0xc8, 0xc8, 0xc8, 0xff,
    0xc8, 0xc8, 0xc8, 0xff, 0xc8, 0xc8, 0xc8, 0xff, 0xc8, 0xc8, 0xc8, 0xff,
    0xc8, 0xc8, 0xc8, 0xff, 0xc8, 0xc8, 0xc8, 0xff, 0xc8, 0xc8, 0xc8, 0xff,
    0xc8, 0xc8, 0xc8, 0xff, 0x60, 0x00, 0x00, 0xff, 0x60, 0x00, 0x00, 0xff,
    0x00, 0x00, 0x00, 0x00, 0x00, 0x00, 0x00, 0x00, 0x00, 0x00, 0x00, 0x00,
    0x00, 0x00, 0x00, 0x00, 0x00, 0x00, 0x00, 0x00, 0x00, 0x00, 0x00, 0x00,
    0x00, 0x00, 0x00, 0x00, 0x00, 0x00, 0x00, 0x00, 0x00, 0x00, 0x00, 0x00,
    0x00, 0x00, 0x00, 0x00, 0x00, 0x00, 0x00, 0x00, 0x00, 0x00, 0x00, 0x00,
    0x00, 0x00, 0x00, 0x00, 0x00, 0x00, 0x00, 0x00, 0x00, 0x00, 0x00, 0x00,
    0x00, 0x00, 0x00, 0x00, 0x00, 0x00, 0x00, 0x00, 0x00, 0x00, 0x00, 0x00,
    0x00, 0x00, 0x00, 0x00, 0x00, 0x00, 0x00, 0x00, 0x00, 0x00, 0x00, 0x00,
    0x00, 0x00, 0x00, 0x00, 0x00, 0x00, 0x00, 0x00, 0x00, 0x00, 0x00, 0x00,
    0x00, 0x00, 0x00, 0x00, 0x00, 0x00, 0x00, 0x00, 0x00, 0x00, 0x00, 0x00,
    0x00, 0x00, 0x00, 0x00, 0x00, 0x00, 0x00, 0x00, 0x00, 0x00, 0x00, 0x00,
    0x00, 0x00, 0x00, 0x00, 0x00, 0x00, 0x00, 0x00, 0x00, 0x00, 0x00, 0x00,
    0x00, 0x00, 0x00, 0x00, 0x00, 0x00, 0x00, 0x00, 0x00, 0x00, 0x00, 0x00,
    0x00, 0x00, 0x00, 0x00, 0x00, 0x00, 0x00, 0x00, 0x00, 0x00, 0x00, 0x00,
    0x00, 0x00, 0x00, 0x00, 0x00, 0x00, 0x00, 0x00, 0x00, 0x00, 0x00, 0x00,
    0x00, 0x00, 0x00, 0x00, 0x00, 0x00, 0x00, 0x00, 0x60, 0x00, 0x00, 0xff,
    0x60, 0x00, 0x00, 0xff, 0xc8, 0xc8, 0xc8, 0xff, 0xc8, 0xc8, 0xc8, 0xff,
    0xc8, 0xc8, 0xc8, 0xff, 0xc8, 0xc8, 0xc8, 0xff, 0xc8, 0xc8, 0xc8, 0xff,
    0xc8, 0xc8, 0xc8, 0xff, 0xc8, 0xc8, 0xc8, 0xff, 0xc8, 0xc8, 0xc8, 0xff,
    0xc8, 0xc8, 0xc8, 0xff, 0xc8, 0xc8, 0xc8, 0xff, 0xc8, 0xc8, 0xc8, 0xff,
    0xc8, 0xc8, 0xc8, 0xff, 0xc8, 0xc8, 0xc8, 0xff, 0xc8, 0xc8, 0xc8, 0xff,
    0xc8, 0xc8, 0xc8, 0xff, 0xc8, 0xc8, 0xc8, 0xff, 0xc8, 0xc8, 0xc8, 0xff,
    0xc8, 0xc8, 0xc8, 0xff, 0x60, 0x00, 0x00, 0xff, 0x60, 0x00, 0x00, 0xff,
    0x60, 0x00, 0x00, 0xff, 0x60, 0x00, 0x00, 0xff, 0x60, 0x00, 0x00, 0xff,
    0x60, 0x00, 0x00, 0xff, 0x00, 0x00, 0x00, 0x00, 0x00, 0x00, 0x00, 0x00,
    0x00, 0x00, 0x00, 0x00, 0x00, 0x00, 0x00, 0x00, 0x00, 0x00, 0x00, 0x00,
    0x00, 0x00, 0x00, 0x00, 0x00, 0x00, 0x00, 0x00, 0x00, 0x00, 0x00, 0x00,
    0x00, 0x00, 0x00, 0x00, 0x00, 0x00, 0x00, 0x00, 0x00, 0x00, 0x00, 0x00,
    0x00, 0x00, 0x00, 0x00, 0x00, 0x00, 0x00, 0x00, 0x00, 0x00, 0x00, 0x00,
    0x00, 0x00, 0x00, 0x00, 0x00, 0x00, 0x00, 0x00, 0x00, 0x00, 0x00, 0x00,
    0x00, 0x00, 0x00, 0x00, 0x00, 0x00, 0x00, 0x00, 0x00, 0x00, 0x00, 0x00,
    0x00, 0x00, 0x00, 0x00, 0x00, 0x00, 0x00, 0x00, 0x00, 0x00, 0x00, 0x00,
    0x00, 0x00, 0x00, 0x00, 0x00, 0x00, 0x00, 0x00, 0x00, 0x00, 0x00, 0x00,
    0x00, 0x00, 0x00, 0x00, 0x00, 0x00, 0x00, 0x00, 0x00, 0x00, 0x00, 0x00,
    0x00, 0x00, 0x00, 0x00, 0x00, 0x00, 0x00, 0x00, 0x00, 0x00, 0x00, 0x00,
    0x60, 0x00, 0x00, 0xff, 0x60, 0x00, 0x00, 0xff, 0x60, 0x00, 0x00, 0xff,
    0x60, 0x00, 0x00, 0xff, 0x60, 0x00, 0x00, 0xff, 0x60, 0x00, 0x00, 0xff,
    0xc8, 0xc8, 0xc8, 0xff, 0xc8, 0xc8, 0xc8, 0xff, 0xc8, 0xc8, 0xc8, 0xff,
    0xc8, 0xc8, 0xc8, 0xff, 0xc8, 0xc8, 0xc8, 0xff, 0xc8, 0xc8, 0xc8, 0xff,
    0xc8, 0xc8, 0xc8, 0xff, 0xc8, 0xc8, 0xc8, 0xff, 0xc8, 0xc8, 0xc8, 0xff,
    0xc8, 0xc8, 0xc8, 0xff, 0xc8, 0xc8, 0xc8, 0xff, 0xc8, 0xc8, 0xc8, 0xff,
    0xc8, 0xc8, 0xc8, 0xff, 0xc8, 0xc8, 0xc8, 0xff, 0xc8, 0xc8, 0xc8, 0xff,
    0xc8, 0xc8, 0xc8, 0xff, 0xc8, 0xc8, 0xc8, 0xff, 0xc8, 0xc8, 0xc8, 0xff,
    0x60, 0x00, 0x00, 0xff, 0x60, 0x00, 0x00, 0xff, 0x00, 0x00, 0x00, 0x00,
    0x00, 0x00, 0x00, 0x00, 0x00, 0x00, 0x00, 0x00, 0x00, 0x00, 0x00, 0x00,
    0x00, 0x00, 0x00, 0x00, 0x00, 0x00, 0x00, 0x00, 0x00, 0x00, 0x00, 0x00,
    0x00, 0x00, 0x00, 0x00, 0x00, 0x00, 0x00, 0x00, 0x00, 0x00, 0x00, 0x00,
    0x00, 0x00, 0x00, 0x00, 0x00, 0x00, 0x00, 0x00, 0x00, 0x00, 0x00, 0x00,
    0x00, 0x00, 0x00, 0x00, 0x00, 0x00, 0x00, 0x00, 0x00, 0x00, 0x00, 0x00,
    0x00, 0x00, 0x00, 0x00, 0x00, 0x00, 0x00, 0x00, 0x00, 0x00, 0x00, 0x00,
    0x00, 0x00, 0x00, 0x00, 0x00, 0x00, 0x00, 0x00, 0x00, 0x00, 0x00, 0x00,
    0x00, 0x00, 0x00, 0x00, 0x00, 0x00, 0x00, 0x00, 0x00, 0x00, 0x00, 0x00,
    0x00, 0x00, 0x00, 0x00, 0x00, 0x00, 0x00, 0x00, 0x00, 0x00, 0x00, 0x00,
    0x00, 0x00, 0x00, 0x00, 0x00, 0x00, 0x00, 0x00, 0x00, 0x00, 0x00, 0x00,
    0x00, 0x00, 0x00, 0x00, 0x00, 0x00, 0x00, 0x00, 0x00, 0x00, 0x00, 0x00,
    0x00, 0x00, 0x00, 0x00, 0x00, 0x00, 0x00, 0x00, 0x00, 0x00, 0x00, 0x00,
    0x00, 0x00, 0x00, 0x00, 0x00, 0x00, 0x00, 0x00, 0x00, 0x00, 0x00, 0x00,
    0x00, 0x00, 0x00, 0x00, 0x00, 0x00, 0x00, 0x00, 0x60, 0x00, 0x00, 0xff,
    0x60, 0x00, 0x00, 0xff, 0xc8, 0xc8, 0xc8, 0xff, 0xc8, 0xc8, 0xc8, 0xff,
    0x60, 0x00, 0x00, 0xff, 0x60, 0x00, 0x00, 0xff, 0x60, 0x00, 0x00, 0xff,
    0x60, 0x00, 0x00, 0xff, 0x60, 0x00, 0x00, 0xff, 0x60, 0x00, 0x00, 0xff,
    0xc8, 0xc8, 0xc8, 0xff, 0xc8, 0xc8, 0xc8, 0xff, 0xc8, 0xc8, 0xc8, 0xff,
    0xc8, 0xc8, 0xc8, 0xff, 0xc8, 0xc8, 0xc8, 0xff, 0xc8, 0xc8, 0xc8, 0xff,
    0xc8, 0xc8, 0xc8, 0xff, 0xc8, 0xc8, 0xc8, 0xff, 0x60, 0x00, 0x00, 0xff,
    0x60, 0x00, 0x00, 0xff, 0x60, 0x00, 0x00, 0xff, 0x60, 0x00, 0x00, 0xff,
    0x00, 0x00, 0x00, 0x00, 0x00, 0x00, 0x00, 0x00, 0x00, 0x00, 0x00, 0x00,
    0x00, 0x00, 0x00, 0x00, 0x00, 0x00, 0x00, 0x00, 0x00, 0x00, 0x00, 0x00,
    0x00, 0x00, 0x00, 0x00, 0x00, 0x00, 0x00, 0x00, 0x00, 0x00, 0x00, 0x00,
    0x00, 0x00, 0x00, 0x00, 0x00, 0x00, 0x00, 0x00, 0x00, 0x00, 0x00, 0x00,
    0x00, 0x00, 0x00, 0x00, 0x00, 0x00, 0x00, 0x00, 0x00, 0x00, 0x00, 0x00,
    0x00, 0x00, 0x00, 0x00, 0x00, 0x00, 0x00, 0x00, 0x00, 0x00, 0x00, 0x00,
    0x00, 0x00, 0x00, 0x00, 0x00, 0x00, 0x00, 0x00, 0x00, 0x00, 0x00, 0x00,
    0x00, 0x00, 0x00, 0x00, 0x00, 0x00, 0x00, 0x00, 0x00, 0x00, 0x00, 0x00,
    0x00, 0x00, 0x00, 0x00, 0x00, 0x00, 0x00, 0x00, 0x00, 0x00, 0x00, 0x00,
    0x00, 0x00, 0x00, 0x00, 0x00, 0x00, 0x00, 0x00, 0x00, 0x00, 0x00, 0x00,
    0x00, 0x00, 0x00, 0x00, 0x00, 0x00, 0x00, 0x00, 0x00, 0x00, 0x00, 0x00,
    0x00, 0x00, 0x00, 0x00, 0x00, 0x00, 0x00, 0x00, 0x00, 0x00, 0x00, 0x00,
    0x00, 0x00, 0x00, 0x00, 0x00, 0x00, 0x00, 0x00, 0x00, 0x00, 0x00, 0x00,
    0x00, 0x00, 0x00, 0x00, 0x00, 0x00, 0x00, 0x00, 0x00, 0x00, 0x00, 0x00,
    0x00, 0x00, 0x00, 0x00, 0x00, 0x00, 0x00, 0x00, 0x60, 0x00, 0x00, 0xff,
    0x60, 0x00, 0x00, 0xff, 0x60, 0x00, 0x00, 0xff, 0x60, 0x00, 0x00, 0xff,
    0xc8, 0xc8, 0xc8, 0xff, 0xc8, 0xc8, 0xc8, 0xff, 0xc8, 0xc8, 0xc8, 0xff,
    0xc8, 0xc8, 0xc8, 0xff, 0xc8, 0xc8, 0xc8, 0xff, 0xc8, 0xc8, 0xc8, 0xff,
    0xc8, 0xc8, 0xc8, 0xff, 0xc8, 0xc8, 0xc8, 0xff, 0x60, 0x00, 0x00, 0xff,
    0x60, 0x00, 0x00, 0xff, 0x60, 0x00, 0x00, 0xff, 0x60, 0x00, 0x00, 0xff,
    0x60, 0x00, 0x00, 0xff, 0x60, 0x00, 0x00, 0xff, 0xa0, 0xa0, 0xa0, 0xff,
    0xa0, 0xa0, 0xa0, 0xff, 0x60, 0x00, 0x00, 0xff, 0x60, 0x00, 0x00, 0xff,
    0x00, 0x00, 0x00, 0x00, 0x00, 0x00, 0x00, 0x00, 0x00, 0x00, 0x00, 0x00,
    0x00, 0x00, 0x00, 0x00, 0x00, 0x00, 0x00, 0x00, 0x00, 0x00, 0x00, 0x00,
    0x00, 0x00, 0x00, 0x00, 0x00, 0x00, 0x00, 0x00, 0x00, 0x00, 0x00, 0x00,
    0x00, 0x00, 0x00, 0x00, 0x00, 0x00, 0x00, 0x00, 0x00, 0x00, 0x00, 0x00,
    0x00, 0x00, 0x00, 0x00, 0x00, 0x00, 0x00, 0x00, 0x00, 0x00, 0x00, 0x00,
    0x00, 0x00, 0x00, 0x00, 0x00, 0x00, 0x00, 0x00, 0x00, 0x00, 0x00, 0x00,
    0x00, 0x00, 0x00, 0x00, 0x00, 0x00, 0x00, 0x00, 0x00, 0x00, 0x00, 0x00,
    0x00, 0x00, 0x00, 0x00, 0x00, 0x00, 0x00, 0x00, 0x00, 0x00, 0x00, 0x00,
    0x00, 0x00, 0x00, 0x00, 0x00, 0x00, 0x00, 0x00, 0x00, 0x00, 0x00, 0x00,
    0x00, 0x00, 0x00, 0x00, 0x00, 0x00, 0x00, 0x00, 0x00, 0x00, 0x00, 0x00,
    0x00, 0x00, 0x00, 0x00, 0x00, 0x00, 0x00, 0x00, 0x00, 0x00, 0x00, 0x00,
    0x00, 0x00, 0x00, 0x00, 0x00, 0x00, 0x00, 0x00, 0x00, 0x00, 0x00, 0x00,
    0x00, 0x00, 0x00, 0x00, 0x00, 0x00, 0x00, 0x00, 0x00, 0x00, 0x00, 0x00,
    0x00, 0x00, 0x00, 0x00, 0x60, 0x00, 0x00, 0xff, 0x60, 0x00, 0x00, 0xff,
    0xc8, 0xc8, 0xc8, 0xff, 0xc8, 0xc8, 0xc8, 0xff, 0x60, 0x00, 0x00, 0xff,
    0x60, 0x00, 0x00, 0xff, 0x60, 0x00, 0x00, 0xff, 0x60, 0x00, 0x00, 0xff,
    0x60, 0x00, 0x00, 0xff, 0x60, 0x00, 0x00, 0xff, 0xc8, 0xc8, 0xc8, 0xff,
    0xc8, 0xc8, 0xc8, 0xff, 0xc8, 0xc8, 0xc8, 0xff, 0xc8, 0xc8, 0xc8, 0xff,
    0xc8, 0xc8, 0xc8, 0xff, 0xc8, 0xc8, 0xc8, 0xff, 0xc8, 0xc8, 0xc8, 0xff,
    0xc8, 0xc8, 0xc8, 0xff, 0x60, 0x00, 0x00, 0xff, 0x60, 0x00, 0x00, 0xff,
    0x60, 0x00, 0x00, 0xff, 0x60, 0x00, 0x00, 0xff, 0x00, 0x00, 0x00, 0x00,
    0x00, 0x00, 0x00, 0x00, 0x00, 0x00, 0x00, 0x00, 0x00, 0x00, 0x00, 0x00,
    0x00, 0x00, 0x00, 0x00, 0x00, 0x00, 0x00, 0x00, 0x00, 0x00, 0x00, 0x00,
    0x00, 0x00, 0x00, 0x00, 0x00, 0x00, 0x00, 0x00, 0x00, 0x00, 0x00, 0x00,
    0x00, 0x00, 0x00, 0x00, 0x00, 0x00, 0x00, 0x00, 0x00, 0x00, 0x00, 0x00,
    0x00, 0x00, 0x00, 0x00, 0x00, 0x00, 0x00, 0x00, 0x00, 0x00, 0x00, 0x00,
    0x00, 0x00, 0x00, 0x00, 0x00, 0x00, 0x00, 0x00, 0x00, 0x00, 0x00, 0x00,
    0x00, 0x00, 0x00, 0x00, 0x00, 0x00, 0x00, 0x00, 0x00, 0x00, 0x00, 0x00,
    0x00, 0x00, 0x00, 0x00, 0x00, 0x00, 0x00, 0x00, 0x00, 0x00, 0x00, 0x00,
    0x00, 0x00, 0x00, 0x00, 0x00, 0x00, 0x00, 0x00, 0x00, 0x00, 0x00, 0x00,
    0x00, 0x00, 0x00, 0x00, 0x00, 0x00, 0x00, 0x00, 0x00, 0x00, 0x00, 0x00,
    0x00, 0x00, 0x00, 0x00, 0x00, 0x00, 0x00, 0x00, 0x00, 0x00, 0x00, 0x00,
    0x00, 0x00, 0x00, 0x00, 0x00, 0x00, 0x00, 0x00, 0x00, 0x00, 0x00, 0x00,
    0x00, 0x00, 0x00, 0x00, 0x00, 0x00, 0x00, 0x00, 0x00, 0x00, 0x00, 0x00,
    0x00, 0x00, 0x00, 0x00, 0x00, 0x00, 0x00, 0x00, 0x00, 0x00, 0x00, 0x00,
    0x00, 0x00, 0x00, 0x00, 0x60, 0x00, 0x00, 0xff, 0x60, 0x00, 0x00, 0xff,
    0x60, 0x00, 0x00, 0xff, 0x60, 0x00, 0x00, 0xff, 0xc8, 0xc8, 0xc8, 0xff,
    0xc8, 0xc8, 0xc8, 0xff, 0xc8, 0xc8, 0xc8, 0xff, 0xc8, 0xc8, 0xc8, 0xff,
    0xc8, 0xc8, 0xc8, 0xff, 0xc8, 0xc8, 0xc8, 0xff, 0xc8, 0xc8, 0xc8, 0xff,
    0xc8, 0xc8, 0xc8, 0xff, 0x60, 0x00, 0x00, 0xff, 0x60, 0x00, 0x00, 0xff,
    0x60, 0x00, 0x00, 0xff, 0x60, 0x00, 0x00, 0xff, 0x60, 0x00, 0x00, 0xff,
    0x60, 0x00, 0x00, 0xff, 0xa0, 0xa0, 0xa0, 0xff, 0xa0, 0xa0, 0xa0, 0xff,
    0x60, 0x00, 0x00, 0xff, 0x60, 0x00, 0x00, 0xff, 0x00, 0x00, 0x00, 0x00,
    0x00, 0x00, 0x00, 0x00, 0x00, 0x00, 0x00, 0x00, 0x00, 0x00, 0x00, 0x00,
    0x00, 0x00, 0x00, 0x00, 0x00, 0x00, 0x00, 0x00, 0x00, 0x00, 0x00, 0x00,
    0x00, 0x00, 0x00, 0x00, 0x00, 0x00, 0x00, 0x00, 0x00, 0x00, 0x00, 0x00,
    0x00, 0x00, 0x00, 0x00, 0x00, 0x00, 0x00, 0x00, 0x00, 0x00, 0x00, 0x00,
    0x00, 0x00, 0x00, 0x00, 0x00, 0x00, 0x00, 0x00, 0x00, 0x00, 0x00, 0x00,
    0x00, 0x00, 0x00, 0x00, 0x00, 0x00, 0x00, 0x00, 0x00, 0x00, 0x00, 0x00,
    0x00, 0x00, 0x00, 0x00, 0x00, 0x00, 0x00, 0x00, 0x00, 0x00, 0x00, 0x00,
    0x00, 0x00, 0x00, 0x00, 0x00, 0x00, 0x00, 0x00, 0x00, 0x00, 0x00, 0x00,
    0x00, 0x00, 0x00, 0x00, 0x00, 0x00, 0x00, 0x00, 0x00, 0x00, 0x00, 0x00,
    0x00, 0x00, 0x00, 0x00, 0x00, 0x00, 0x00, 0x00, 0x00, 0x00, 0x00, 0x00,
    0x00, 0x00, 0x00, 0x00, 0x00, 0x00, 0x00, 0x00, 0x00, 0x00, 0x00, 0x00,
    0x00, 0x00, 0x00, 0x00, 0x00, 0x00, 0x00, 0x00, 0x00, 0x00, 0x00, 0x00,
    0x00, 0x00, 0x00, 0x00, 0x00, 0x00, 0x00, 0x00, 0x00, 0x00, 0x00, 0x00,
    0x60, 0x00, 0x00, 0xff, 0x60, 0x00, 0x00, 0xff, 0xc8, 0xc8, 0xc8, 0xff,
    0xc8, 0xc8, 0xc8, 0xff, 0xc8, 0xc8, 0xc8, 0xff, 0xc8, 0xc8, 0xc8, 0xff,
    0xc8, 0xc8, 0xc8, 0xff, 0xc8, 0xc8, 0xc8, 0xff, 0xc8, 0xc8, 0xc8, 0xff,
    0xc8, 0xc8, 0xc8, 0xff, 0x60, 0x00, 0x00, 0xff, 0x60, 0x00, 0x00, 0xff,
    0x60, 0x00, 0x00, 0xff, 0x60, 0x00, 0x00, 0xff, 0x60, 0x00, 0x00, 0xff,
    0x60, 0x00, 0x00, 0xff, 0x60, 0x00, 0x00, 0xff, 0x60, 0x00, 0x00, 0xff,
    0x00, 0x00, 0x00, 0x00, 0x00, 0x00, 0x00, 0x00, 0x00, 0x00, 0x00, 0x00,
    0x00, 0x00, 0x00, 0x00, 0x00, 0x00, 0x00, 0x00, 0x00, 0x00, 0x00, 0x00,
    0x00, 0x00, 0x00, 0x00, 0x00, 0x00, 0x00, 0x00, 0x00, 0x00, 0x00, 0x00,
    0x00, 0x00, 0x00, 0x00, 0x00, 0x00, 0x00, 0x00, 0x00, 0x00, 0x00, 0x00,
    0x00, 0x00, 0x00, 0x00, 0x00, 0x00, 0x00, 0x00, 0x00, 0x00, 0x00, 0x00,
    0x00, 0x00, 0x00, 0x00, 0x00, 0x00, 0x00, 0x00, 0x00, 0x00, 0x00, 0x00,
    0x00, 0x00, 0x00, 0x00, 0x00, 0x00, 0x00, 0x00, 0x00, 0x00, 0x00, 0x00,
    0x00, 0x00, 0x00, 0x00, 0x00, 0x00, 0x00, 0x00, 0x00, 0x00, 0x00, 0x00,
    0x00, 0x00, 0x00, 0x00, 0x00, 0x00, 0x00, 0x00, 0x00, 0x00, 0x00, 0x00,
    0x00, 0x00, 0x00, 0x00, 0x00, 0x00, 0x00, 0x00, 0x00, 0x00, 0x00, 0x00,
    0x00, 0x00, 0x00, 0x00, 0x00, 0x00, 0x00, 0x00, 0x00, 0x00, 0x00, 0x00,
    0x00, 0x00, 0x00, 0x00, 0x00, 0x00, 0x00, 0x00, 0x00, 0x00, 0x00, 0x00,
    0x00, 0x00, 0x00, 0x00, 0x00, 0x00, 0x00, 0x00, 0x00, 0x00, 0x00, 0x00,
    0x00, 0x00, 0x00, 0x00, 0xf8, 0xf8, 0xf8, 0xff, 0xf8, 0xf8, 0xf8, 0xff,
    0xf8, 0xf8, 0xf8, 0xff, 0xf8, 0xf8, 0xf8, 0xff, 0xf8, 0xf8, 0xf8, 0xff,
    0xf8, 0xf8, 0xf8, 0xff, 0x00, 0x00, 0x00, 0x00, 0x00, 0x00, 0x00, 0x00,
    0x00, 0x00, 0x00, 0x00, 0x00, 0x00, 0x00, 0x00, 0x00, 0x00, 0x00, 0x00,
    0x00, 0x00, 0x00, 0x00, 0x60, 0x00, 0x00, 0xff, 0x60, 0x00, 0x00, 0xff,
    0x60, 0x00, 0x00, 0xff, 0x60, 0x00, 0x00, 0xff, 0x60, 0x00, 0x00, 0xff,
    0x60, 0x00, 0x00, 0xff, 0x60, 0x00, 0x00, 0xff, 0x60, 0x00, 0x00, 0xff,
    0xc8, 0xc8, 0xc8, 0xff, 0xc8, 0xc8, 0xc8, 0xff, 0xc8, 0xc8, 0xc8, 0xff,
    0xc8, 0xc8, 0xc8, 0xff, 0xc8, 0xc8, 0xc8, 0xff, 0xc8, 0xc8, 0xc8, 0xff,
    0xa0, 0xa0, 0xa0, 0xff, 0xa0, 0xa0, 0xa0, 0xff, 0x60, 0x00, 0x00, 0xff,
    0x60, 0x00, 0x00, 0xff, 0x00, 0x00, 0x00, 0x00, 0x00, 0x00, 0x00, 0x00,
    0x00, 0x00, 0x00, 0x00, 0x00, 0x00, 0x00, 0x00, 0x00, 0x00, 0x00, 0x00,
    0x00, 0x00, 0x00, 0x00, 0x00, 0x00, 0x00, 0x00, 0x00, 0x00, 0x00, 0x00,
    0x00, 0x00, 0x00, 0x00, 0x00, 0x00, 0x00, 0x00, 0x00, 0x00, 0x00, 0x00,
    0x00, 0x00, 0x00, 0x00, 0x00, 0x00, 0x00, 0x00, 0x00, 0x00, 0x00, 0x00,
    0x00, 0x00, 0x00, 0x00, 0x00, 0x00, 0x00, 0x00, 0x00, 0x00, 0x00, 0x00,
    0x00, 0x00, 0x00, 0x00, 0x00, 0x00, 0x00, 0x00, 0x00, 0x00, 0x00, 0x00,
    0x00, 0x00, 0x00, 0x00, 0x00, 0x00, 0x00, 0x00, 0x00, 0x00, 0x00, 0x00,
    0x00, 0x00, 0x00, 0x00, 0x00, 0x00, 0x00, 0x00, 0x00, 0x00, 0x00, 0x00,
    0x00, 0x00, 0x00, 0x00, 0x00, 0x00, 0x00, 0x00, 0x00, 0x00, 0x00, 0x00,
    0x00, 0x00, 0x00, 0x00, 0x00, 0x00, 0x00, 0x00, 0x00, 0x00, 0x00, 0x00,
    0x00, 0x00, 0x00, 0x00, 0x00, 0x00, 0x00, 0x00, 0x00, 0x00, 0x00, 0x00,
    0x00, 0x00, 0x00, 0x00, 0x00, 0x00, 0x00, 0x00, 0x00, 0x00, 0x00, 0x00,
    0x00, 0x00, 0x00, 0x00, 0x00, 0x00, 0x00, 0x00, 0x60, 0x00, 0x00, 0xff,
    0x60, 0x00, 0x00, 0xff, 0xc8, 0xc8, 0xc8, 0xff, 0xc8, 0xc8, 0xc8, 0xff,
    0xc8, 0xc8, 0xc8, 0xff, 0xc8, 0xc8, 0xc8, 0xff, 0xc8, 0xc8, 0xc8, 0xff,
    0xc8, 0xc8, 0xc8, 0xff, 0xc8, 0xc8, 0xc8, 0xff, 0xc8, 0xc8, 0xc8, 0xff,
    0x60, 0x00, 0x00, 0xff, 0x60, 0x00, 0x00, 0xff, 0x60, 0x00, 0x00, 0xff,
    0x60, 0x00, 0x00, 0xff, 0x60, 0x00, 0x00, 0xff, 0x60, 0x00, 0x00, 0xff,
    0x60, 0x00, 0x00, 0xff, 0x60, 0x00, 0x00, 0xff, 0x00, 0x00, 0x00, 0x00,
    0x00, 0x00, 0x00, 0x00, 0x00, 0x00, 0x00, 0x00, 0x00, 0x00, 0x00, 0x00,
    0x00, 0x00, 0x00, 0x00, 0x00, 0x00, 0x00, 0x00, 0x00, 0x00, 0x00, 0x00,
    0x00, 0x00, 0x00, 0x00, 0x00, 0x00, 0x00, 0x00, 0x00, 0x00, 0x00, 0x00,
    0x00, 0x00, 0x00, 0x00, 0x00, 0x00, 0x00, 0x00, 0x00, 0x00, 0x00, 0x00,
    0x00, 0x00, 0x00, 0x00, 0x00, 0x00, 0x00, 0x00, 0x00, 0x00, 0x00, 0x00,
    0x00, 0x00, 0x00, 0x00, 0x00, 0x00, 0x00, 0x00, 0x00, 0x00, 0x00, 0x00,
    0x00, 0x00, 0x00, 0x00, 0x00, 0x00, 0x00, 0x00, 0x00, 0x00, 0x00, 0x00,
    0x00, 0x00, 0x00, 0x00, 0x00, 0x00, 0x00, 0x00, 0x00, 0x00, 0x00, 0x00,
    0x00, 0x00, 0x00, 0x00, 0x00, 0x00, 0x00, 0x00, 0x00, 0x00, 0x00, 0x00,
    0x00, 0x00, 0x00, 0x00, 0x00, 0x00, 0x00, 0x00, 0x00, 0x00, 0x00, 0x00,
    0x00, 0x00, 0x00, 0x00, 0x00, 0x00, 0x00, 0x00, 0x00, 0x00, 0x00, 0x00,
    0x00, 0x00, 0x00, 0x00, 0x00, 0x00, 0x00, 0x00, 0x00, 0x00, 0x00, 0x00,
    0x00, 0x00, 0x00, 0x00, 0x00, 0x00, 0x00, 0x00, 0x00, 0x00, 0x00, 0x00,
    0xf8, 0xf8, 0xf8, 0xff, 0xf8, 0xf8, 0xf8, 0xff, 0xf8, 0xf8, 0xf8, 0xff,
    0xf8, 0xf8, 0xf8, 0xff, 0xf8, 0xf8, 0xf8, 0xff, 0xf8, 0xf8, 0xf8, 0xff,
    0x00, 0x00, 0x00, 0x00, 0x00, 0x00, 0x00, 0x00, 0x00, 0x00, 0x00, 0x00,
    0x00, 0x00, 0x00, 0x00, 0x00, 0x00, 0x00, 0x00, 0x00, 0x00, 0x00, 0x00,
    0x60, 0x00, 0x00, 0xff, 0x60, 0x00, 0x00, 0xff, 0x60, 0x00, 0x00, 0xff,
    0x60, 0x00, 0x00, 0xff, 0x60, 0x00, 0x00, 0xff, 0x60, 0x00, 0x00, 0xff,
    0x60, 0x00, 0x00, 0xff, 0x60, 0x00, 0x00, 0xff, 0xc8, 0xc8, 0xc8, 0xff,
    0xc8, 0xc8, 0xc8, 0xff, 0xc8, 0xc8, 0xc8, 0xff, 0xc8, 0xc8, 0xc8, 0xff,
    0xc8, 0xc8, 0xc8, 0xff, 0xc8, 0xc8, 0xc8, 0xff, 0xa0, 0xa0, 0xa0, 0xff,
    0xa0, 0xa0, 0xa0, 0xff, 0x60, 0x00, 0x00, 0xff, 0x60, 0x00, 0x00, 0xff,
    0x00, 0x00, 0x00, 0x00, 0x00, 0x00, 0x00, 0x00, 0x00, 0x00, 0x00, 0x00,
    0x00, 0x00, 0x00, 0x00, 0x00, 0x00, 0x00, 0x00, 0x00, 0x00, 0x00, 0x00,
    0x00, 0x00, 0x00, 0x00, 0x00, 0x00, 0x00, 0x00, 0x00, 0x00, 0x00, 0x00,
    0x00, 0x00, 0x00, 0x00, 0x00, 0x00, 0x00, 0x00, 0x00, 0x00, 0x00, 0x00,
    0x00, 0x00, 0x00, 0x00, 0x00, 0x00, 0x00, 0x00, 0x00, 0x00, 0x00, 0x00,
    0x00, 0x00, 0x00, 0x00, 0x00, 0x00, 0x00, 0x00, 0x00, 0x00, 0x00, 0x00,
    0x00, 0x00, 0x00, 0x00, 0x00, 0x00, 0x00, 0x00, 0x00, 0x00, 0x00, 0x00,
    0x00, 0x00, 0x00, 0x00, 0x00, 0x00, 0x00, 0x00, 0x00, 0x00, 0x00, 0x00,
    0x00, 0x00, 0x00, 0x00, 0x00, 0x00, 0x00, 0x00, 0x00, 0x00, 0x00, 0x00,
    0x00, 0x00, 0x00, 0x00, 0x00, 0x00, 0x00, 0x00, 0x00, 0x00, 0x00, 0x00,
    0x00, 0x00, 0x00, 0x00, 0x00, 0x00, 0x00, 0x00, 0x00, 0x00, 0x00, 0x00,
    0x00, 0x00, 0x00, 0x00, 0x00, 0x00, 0x00, 0x00, 0x00, 0x00, 0x00, 0x00,
    0x00, 0x00, 0x00, 0x00, 0x00, 0x00, 0x00, 0x00, 0x60, 0x00, 0x00, 0xff,
    0x60, 0x00, 0x00, 0xff, 0xa0, 0xa0, 0xa0, 0xff, 0xa0, 0xa0, 0xa0, 0xff,
    0x60, 0x00, 0x00, 0xff, 0x60, 0x00, 0x00, 0xff, 0x60, 0x00, 0x00, 0xff,
    0x60, 0x00, 0x00, 0xff, 0x60, 0x00, 0x00, 0xff, 0x60, 0x00, 0x00, 0xff,
    0x60, 0x00, 0x00, 0xff, 0x60, 0x00, 0x00, 0xff, 0xc8, 0xc8, 0xc8, 0xff,
    0xc8, 0xc8, 0xc8, 0xff, 0xc8, 0xc8, 0xc8, 0xff, 0xc8, 0xc8, 0xc8, 0xff,
    0x60, 0x00, 0x00, 0xff, 0x60, 0x00, 0x00, 0xff, 0x00, 0x00, 0x00, 0x00,
    0x00, 0x00, 0x00, 0x00, 0x00, 0x00, 0x00, 0x00, 0x00, 0x00, 0x00, 0x00,
    0x00, 0x00, 0x00, 0x00, 0x00, 0x00, 0x00, 0x00, 0x00, 0x00, 0x00, 0x00,
    0x00, 0x00, 0x00, 0x00, 0x00, 0x00, 0x00, 0x00, 0x00, 0x00, 0x00, 0x00,
    0x00, 0x00, 0x00, 0x00, 0x00, 0x00, 0x00, 0x00, 0x00, 0x00, 0x00, 0x00,
    0x00, 0x00, 0x00, 0x00, 0x00, 0x00, 0x00, 0x00, 0x00, 0x00, 0x00, 0x00,
    0x00, 0x00, 0x00, 0x00, 0x00, 0x00, 0x00, 0x00, 0x00, 0x00, 0x00, 0x00,
    0x00, 0x00, 0x00, 0x00, 0x00, 0x00, 0x00, 0x00, 0x00, 0x00, 0x00, 0x00,
    0x00, 0x00, 0x00, 0x00, 0x00, 0x00, 0x00, 0x00, 0x00, 0x00, 0x00, 0x00,
    0x00, 0x00, 0x00, 0x00, 0x00, 0x00, 0x00, 0x00, 0x00, 0x00, 0x00, 0x00,
    0x00, 0x00, 0x00, 0x00, 0x00, 0x00, 0x00, 0x00, 0x00, 0x00, 0x00, 0x00,
    0x00, 0x00, 0x00, 0x00, 0x00, 0x00, 0x00, 0x00, 0x00, 0x00, 0x00, 0x00,
    0x00, 0x00, 0x00, 0x00, 0x00, 0x00, 0x00, 0x00, 0x00, 0x00, 0x00, 0x00,
    0x00, 0x00, 0x00, 0x00, 0x00, 0x00, 0x00, 0x00, 0x00, 0x00, 0x00, 0x00,
    0x00, 0x00, 0x00, 0x00, 0x00, 0x00, 0x00, 0x00, 0xf8, 0xf8, 0xf8, 0xff,
    0xf8, 0xf8, 0xf8, 0xff, 0xf8, 0xf8, 0xf8, 0xff, 0xf8, 0xf8, 0xf8, 0xff,
    0xf8, 0xf8, 0xf8, 0xff, 0xf8, 0xf8, 0xf8, 0xff, 0x00, 0x00, 0x00, 0x00,
    0x00, 0x00, 0x00, 0x00, 0xf8, 0xf8, 0xf8, 0xff, 0xf8, 0xf8, 0xf8, 0xff,
    0xf8, 0xf8, 0xf8, 0xff, 0xf8, 0xf8, 0xf8, 0xff, 0x00, 0x00, 0x00, 0x00,
    0x00, 0x00, 0x00, 0x00, 0x60, 0x00, 0x00, 0xff, 0x60, 0x00, 0x00, 0xff,
    0xc8, 0xc8, 0xc8, 0xff, 0xc8, 0xc8, 0xc8, 0xff, 0xc8, 0xc8, 0xc8, 0xff,
    0xc8, 0xc8, 0xc8, 0xff, 0x60, 0x00, 0x00, 0xff, 0x60, 0x00, 0x00, 0xff,
    0x60, 0x00, 0x00, 0xff, 0x60, 0x00, 0x00, 0xff, 0x60, 0x00, 0x00, 0xff,
    0x60, 0x00, 0x00, 0xff, 0x60, 0x00, 0x00, 0xff, 0x60, 0x00, 0x00, 0xff,
    0xa0, 0xa0, 0xa0, 0xff, 0xa0, 0xa0, 0xa0, 0xff, 0x60, 0x00, 0x00, 0xff,
    0x60, 0x00, 0x00, 0xff, 0x00, 0x00, 0x00, 0x00, 0x00, 0x00, 0x00, 0x00,
    0x00, 0x00, 0x00, 0x00, 0x00, 0x00, 0x00, 0x00, 0x00, 0x00, 0x00, 0x00,
    0x00, 0x00, 0x00, 0x00, 0x00, 0x00, 0x00, 0x00, 0x00, 0x00, 0x00, 0x00,
    0x00, 0x00, 0x00, 0x00, 0x00, 0x00, 0x00, 0x00, 0x00, 0x00, 0x00, 0x00,
    0x00, 0x00, 0x00, 0x00, 0x00, 0x00, 0x00, 0x00, 0x00, 0x00, 0x00, 0x00,
    0x00, 0x00, 0x00, 0x00, 0x00, 0x00, 0x00, 0x00, 0x00, 0x00, 0x00, 0x00,
    0x00, 0x00, 0x00, 0x00, 0x00, 0x00, 0x00, 0x00, 0x00, 0x00, 0x00, 0x00,
    0x00, 0x00, 0x00, 0x00, 0x00, 0x00, 0x00, 0x00, 0x00, 0x00, 0x00, 0x00,
    0x00, 0x00, 0x00, 0x00, 0x00, 0x00, 0x00, 0x00, 0x00, 0x00, 0x00, 0x00,
    0x00, 0x00, 0x00, 0x00, 0x00, 0x00, 0x00, 0x00, 0x00, 0x00, 0x00, 0x00,
    0x00, 0x00, 0x00, 0x00, 0x00, 0x00, 0x00, 0x00, 0x00, 0x00, 0x00, 0x00,
    0x00, 0x00, 0x00, 0x00, 0x00, 0x00, 0x00, 0x00, 0x00, 0x00, 0x00, 0x00,
    0x00, 0x00, 0x00, 0x00, 0x60, 0x00, 0x00, 0xff, 0x60, 0x00, 0x00, 0xff,
    0xa0, 0xa0, 0xa0, 0xff, 0xa0, 0xa0, 0xa0, 0xff, 0x60, 0x00, 0x00, 0xff,
    0x60, 0x00, 0x00, 0xff, 0x60, 0x00, 0x00, 0xff, 0x60, 0x00, 0x00, 0xff,
    0x60, 0x00, 0x00, 0xff, 0x60, 0x00, 0x00, 0xff, 0x60, 0x00, 0x00, 0xff,
    0x60, 0x00, 0x00, 0xff, 0xc8, 0xc8, 0xc8, 0xff, 0xc8, 0xc8, 0xc8, 0xff,
    0xc8, 0xc8, 0xc8, 0xff, 0xc8, 0xc8, 0xc8, 0xff, 0x60, 0x00, 0x00, 0xff,
    0x60, 0x00, 0x00, 0xff, 0x00, 0x00, 0x00, 0x00, 0x00, 0x00, 0x00, 0x00,
    0x00, 0x00, 0x00, 0x00, 0x00, 0x00, 0x00, 0x00, 0x00, 0x00, 0x00, 0x00,
    0x00, 0x00, 0x00, 0x00, 0x00, 0x00, 0x00, 0x00, 0x00, 0x00, 0x00, 0x00,
    0x00, 0x00, 0x00, 0x00, 0x00, 0x00, 0x00, 0x00, 0x00, 0x00, 0x00, 0x00,
    0x00, 0x00, 0x00, 0x00, 0x00, 0x00, 0x00, 0x00, 0x00, 0x00, 0x00, 0x00,
    0x00, 0x00, 0x00, 0x00, 0x00, 0x00, 0x00, 0x00, 0x00, 0x00, 0x00, 0x00,
    0x00, 0x00, 0x00, 0x00, 0x00, 0x00, 0x00, 0x00, 0x00, 0x00, 0x00, 0x00,
    0x00, 0x00, 0x00, 0x00, 0x00, 0x00, 0x00, 0x00, 0x00, 0x00, 0x00, 0x00,
    0x00, 0x00, 0x00, 0x00, 0x00, 0x00, 0x00, 0x00, 0x00, 0x00, 0x00, 0x00,
    0x00, 0x00, 0x00, 0x00, 0x00, 0x00, 0x00, 0x00, 0x00, 0x00, 0x00, 0x00,
    0x00, 0x00, 0x00, 0x00, 0x00, 0x00, 0x00, 0x00, 0x00, 0x00, 0x00, 0x00,
    0x00, 0x00, 0x00, 0x00, 0x00, 0x00, 0x00, 0x00, 0x00, 0x00, 0x00, 0x00,
    0x00, 0x00, 0x00, 0x00, 0x00, 0x00, 0x00, 0x00, 0x00, 0x00, 0x00, 0x00,
    0x00, 0x00, 0x00, 0x00, 0x00, 0x00, 0x00, 0x00, 0x00, 0x00, 0x00, 0x00,
    0x00, 0x00, 0x00, 0x00, 0xf8, 0xf8, 0xf8, 0xff, 0xf8, 0xf8, 0xf8, 0xff,
    0xf8, 0xf8, 0xf8, 0xff, 0xf8, 0xf8, 0xf8, 0xff, 0xf8, 0xf8, 0xf8, 0xff,
    0xf8, 0xf8, 0xf8, 0xff, 0x00, 0x00, 0x00, 0x00, 0x00, 0x00, 0x00, 0x00,
    0xf8, 0xf8, 0xf8, 0xff, 0xf8, 0xf8, 0xf8, 0xff, 0xf8, 0xf8, 0xf8, 0xff,
    0xf8, 0xf8, 0xf8, 0xff, 0x00, 0x00, 0x00, 0x00, 0x00, 0x00, 0x00, 0x00,
    0x60, 0x00, 0x00, 0xff, 0x60, 0x00, 0x00, 0xff, 0xc8, 0xc8, 0xc8, 0xff,
    0xc8, 0xc8, 0xc8, 0xff, 0xc8, 0xc8, 0xc8, 0xff, 0xc8, 0xc8, 0xc8, 0xff,
    0x60, 0x00, 0x00, 0xff, 0x60, 0x00, 0x00, 0xff, 0x60, 0x00, 0x00, 0xff,
    0x60, 0x00, 0x00, 0xff, 0x60, 0x00, 0x00, 0xff, 0x60, 0x00, 0x00, 0xff,
    0x60, 0x00, 0x00, 0xff, 0x60, 0x00, 0x00, 0xff, 0xa0, 0xa0, 0xa0, 0xff,
    0xa0, 0xa0, 0xa0, 0xff, 0x60, 0x00, 0x00, 0xff, 0x60, 0x00, 0x00, 0xff,
    0x00, 0x00, 0x00, 0x00, 0x00, 0x00, 0x00, 0x00, 0x00, 0x00, 0x00, 0x00,
    0x00, 0x00, 0x00, 0x00, 0x00, 0x00, 0x00, 0x00, 0x00, 0x00, 0x00, 0x00,
    0x00, 0x00, 0x00, 0x00, 0x00, 0x00, 0x00, 0x00, 0x00, 0x00, 0x00, 0x00,
    0x00, 0x00, 0x00, 0x00, 0x00, 0x00, 0x00, 0x00, 0x00, 0x00, 0x00, 0x00,
    0x00, 0x00, 0x00, 0x00, 0x00, 0x00, 0x00, 0x00, 0x00, 0x00, 0x00, 0x00,
    0x00, 0x00, 0x00, 0x00, 0x00, 0x00, 0x00, 0x00, 0x00, 0x00, 0x00, 0x00,
    0x00, 0x00, 0x00, 0x00, 0x00, 0x00, 0x00, 0x00, 0x00, 0x00, 0x00, 0x00,
    0x00, 0x00, 0x00, 0x00, 0x00, 0x00, 0x00, 0x00, 0x00, 0x00, 0x00, 0x00,
    0x00, 0x00, 0x00, 0x00, 0x00, 0x00, 0x00, 0x00, 0x00, 0x00, 0x00, 0x00,
    0x00, 0x00, 0x00, 0x00, 0x00, 0x00, 0x00, 0x00, 0x00, 0x00, 0x00, 0x00,
    0x00, 0x00, 0x00, 0x00, 0x00, 0x00, 0x00, 0x00, 0x00, 0x00, 0x00, 0x00,
    0x00, 0x00, 0x00, 0x00, 0x00, 0x00, 0x00, 0x00, 0x00, 0x00, 0x00, 0x00,
    0x60, 0x00, 0x00, 0xff, 0x60, 0x00, 0x00, 0xff, 0xa0, 0xa0, 0xa0, 0xff,
    0xa0, 0xa0, 0xa0, 0xff, 0xa0, 0xa0, 0xa0, 0xff, 0xa0, 0xa0, 0xa0, 0xff,
    0xc8, 0xc8, 0xc8, 0xff, 0xc8, 0xc8, 0xc8, 0xff, 0xc8, 0xc8, 0xc8, 0xff,
    0xc8, 0xc8, 0xc8, 0xff, 0xc8, 0xc8, 0xc8, 0xff, 0xc8, 0xc8, 0xc8, 0xff,
    0x60, 0x00, 0x00, 0xff, 0x60, 0x00, 0x00, 0xff, 0x60, 0x00, 0x00, 0xff,
    0x60, 0x00, 0x00, 0xff, 0x00, 0x00, 0x00, 0x00, 0x00, 0x00, 0x00, 0x00,
    0x00, 0x00, 0x00, 0x00, 0x00, 0x00, 0x00, 0x00, 0x00, 0x00, 0x00, 0x00,
    0x00, 0x00, 0x00, 0x00, 0x00, 0x00, 0x00, 0x00, 0x00, 0x00, 0x00, 0x00,
    0x00, 0x00, 0x00, 0x00, 0x00, 0x00, 0x00, 0x00, 0x00, 0x00, 0x00, 0x00,
    0x00, 0x00, 0x00, 0x00, 0x00, 0x00, 0x00, 0x00, 0x00, 0x00, 0x00, 0x00,
    0x00, 0x00, 0x00, 0x00, 0x00, 0x00, 0x00, 0x00, 0x00, 0x00, 0x00, 0x00,
    0x00, 0x00, 0x00, 0x00, 0x00, 0x00, 0x00, 0x00, 0x00, 0x00, 0x00, 0x00,
    0x00, 0x00, 0x00, 0x00, 0x00, 0x00, 0x00, 0x00, 0x00, 0x00, 0x00, 0x00,
    0x00, 0x00, 0x00, 0x00, 0x00, 0x00, 0x00, 0x00, 0x00, 0x00, 0x00, 0x00,
    0x00, 0x00, 0x00, 0x00, 0x00, 0x00, 0x00, 0x00, 0x00, 0x00, 0x00, 0x00,
    0x00, 0x00, 0x00, 0x00, 0x00, 0x00, 0x00, 0x00, 0x00, 0x00, 0x00, 0x00,
    0x00, 0x00, 0x00, 0x00, 0x00, 0x00, 0x00, 0x00, 0x00, 0x00, 0x00, 0x00,
    0x00, 0x00, 0x00, 0x00, 0x00, 0x00, 0x00, 0x00, 0x00, 0x00, 0x00, 0x00,
    0x00, 0x00, 0x00, 0x00, 0x00, 0x00, 0x00, 0x00, 0x00, 0x00, 0x00, 0x00,
    0x00, 0x00, 0x00, 0x00, 0x00, 0x00, 0x00, 0x00, 0x00, 0x00, 0x00, 0x00,
    0x00, 0x00, 0x00, 0x00, 0x00, 0x00, 0x00, 0x00, 0xf8, 0xf8, 0xf8, 0xff,
    0xf8, 0xf8, 0xf8, 0xff, 0xf8, 0xf8, 0xf8, 0xff, 0xf8, 0xf8, 0xf8, 0xff,
    0x00, 0x00, 0x00, 0x00, 0x00, 0x00, 0x00, 0x00, 0xf8, 0xf8, 0xf8, 0xff,
    0xf8, 0xf8, 0xf8, 0xff, 0xf8, 0xf8, 0xf8, 0xff, 0xf8, 0xf8, 0xf8, 0xff,
    0xf8, 0xf8, 0xf8, 0xff, 0xf8, 0xf8, 0xf8, 0xff, 0x00, 0x00, 0x00, 0x00,
    0x00, 0x00, 0x00, 0x00, 0x60, 0x00, 0x00, 0xff, 0x60, 0x00, 0x00, 0xff,
    0x60, 0x00, 0x00, 0xff, 0x60, 0x00, 0x00, 0xff, 0xc8, 0xc8, 0xc8, 0xff,
    0xc8, 0xc8, 0xc8, 0xff, 0xc8, 0xc8, 0xc8, 0xff, 0xc8, 0xc8, 0xc8, 0xff,
    0xa0, 0xa0, 0xa0, 0xff, 0xa0, 0xa0, 0xa0, 0xff, 0xa0, 0xa0, 0xa0, 0xff,
    0xa0, 0xa0, 0xa0, 0xff, 0xa0, 0xa0, 0xa0, 0xff, 0xa0, 0xa0, 0xa0, 0xff,
    0x60, 0x00, 0x00, 0xff, 0x60, 0x00, 0x00, 0xff, 0x00, 0x00, 0x00, 0x00,
    0x00, 0x00, 0x00, 0x00, 0x00, 0x00, 0x00, 0x00, 0x00, 0x00, 0x00, 0x00,
    0x00, 0x00, 0x00, 0x00, 0x00, 0x00, 0x00, 0x00, 0x00, 0x00, 0x00, 0x00,
    0x00, 0x00, 0x00, 0x00, 0x00, 0x00, 0x00, 0x00, 0x00, 0x00, 0x00, 0x00,
    0x00, 0x00, 0x00, 0x00, 0x00, 0x00, 0x00, 0x00, 0x00, 0x00, 0x00, 0x00,
    0x00, 0x00, 0x00, 0x00, 0x00, 0x00, 0x00, 0x00, 0x00, 0x00, 0x00, 0x00,
    0x00, 0x00, 0x00, 0x00, 0x00, 0x00, 0x00, 0x00, 0x00, 0x00, 0x00, 0x00,
    0x00, 0x00, 0x00, 0x00, 0x00, 0x00, 0x00, 0x00, 0x00, 0x00, 0x00, 0x00,
    0x00, 0x00, 0x00, 0x00, 0x00, 0x00, 0x00, 0x00, 0x00, 0x00, 0x00, 0x00,
    0x00, 0x00, 0x00, 0x00, 0x00, 0x00, 0x00, 0x00, 0x00, 0x00, 0x00, 0x00,
    0x00, 0x00, 0x00, 0x00, 0x00, 0x00, 0x00, 0x00, 0x00, 0x00, 0x00, 0x00,
    0x00, 0x00, 0x00, 0x00, 0x00, 0x00, 0x00, 0x00, 0x00, 0x00, 0x00, 0x00,
    0x00, 0x00, 0x00, 0x00, 0x00, 0x00, 0x00, 0x00, 0x60, 0x00, 0x00, 0xff,
    0x60, 0x00, 0x00, 0xff, 0xa0, 0xa0, 0xa0, 0xff, 0xa0, 0xa0, 0xa0, 0xff,
    0xa0, 0xa0, 0xa0, 0xff, 0xa0, 0xa0, 0xa0, 0xff, 0xc8, 0xc8, 0xc8, 0xff,
    0xc8, 0xc8, 0xc8, 0xff, 0xc8, 0xc8, 0xc8, 0xff, 0xc8, 0xc8, 0xc8, 0xff,
    0xc8, 0xc8, 0xc8, 0xff, 0xc8, 0xc8, 0xc8, 0xff, 0x60, 0x00, 0x00, 0xff,
    0x60, 0x00, 0x00, 0xff, 0x60, 0x00, 0x00, 0xff, 0x60, 0x00, 0x00, 0xff,
    0x00, 0x00, 0x00, 0x00, 0x00, 0x00, 0x00, 0x00, 0x00, 0x00, 0x00, 0x00,
    0x00, 0x00, 0x00, 0x00, 0x00, 0x00, 0x00, 0x00, 0x00, 0x00, 0x00, 0x00,
    0x00, 0x00, 0x00, 0x00, 0x00, 0x00, 0x00, 0x00, 0x00, 0x00, 0x00, 0x00,
    0x00, 0x00, 0x00, 0x00, 0x00, 0x00, 0x00, 0x00, 0x00, 0x00, 0x00, 0x00,
    0x00, 0x00, 0x00, 0x00, 0x00, 0x00, 0x00, 0x00, 0x00, 0x00, 0x00, 0x00,
    0x00, 0x00, 0x00, 0x00, 0x00, 0x00, 0x00, 0x00, 0x00, 0x00, 0x00, 0x00,
    0x00, 0x00, 0x00, 0x00, 0x00, 0x00, 0x00, 0x00, 0x00, 0x00, 0x00, 0x00,
    0x00, 0x00, 0x00, 0x00, 0x00, 0x00, 0x00, 0x00, 0x00, 0x00, 0x00, 0x00,
    0x00, 0x00, 0x00, 0x00, 0x00, 0x00, 0x00, 0x00, 0x00, 0x00, 0x00, 0x00,
    0x00, 0x00, 0x00, 0x00, 0x00, 0x00, 0x00, 0x00, 0x00, 0x00, 0x00, 0x00,
    0x00, 0x00, 0x00, 0x00, 0x00, 0x00, 0x00, 0x00, 0x00, 0x00, 0x00, 0x00,
    0x00, 0x00, 0x00, 0x00, 0x00, 0x00, 0x00, 0x00, 0x00, 0x00, 0x00, 0x00,
    0x00, 0x00, 0x00, 0x00, 0x00, 0x00, 0x00, 0x00, 0x00, 0x00, 0x00, 0x00,
    0x00, 0x00, 0x00, 0x00, 0x00, 0x00, 0x00, 0x00, 0x00, 0x00, 0x00, 0x00,
    0x00, 0x00, 0x00, 0x00, 0x00, 0x00, 0x00, 0x00, 0x00, 0x00, 0x00, 0x00,
    0x00, 0x00, 0x00, 0x00, 0xf8, 0xf8, 0xf8, 0xff, 0xf8, 0xf8, 0xf8, 0xff,
    0xf8, 0xf8, 0xf8, 0xff, 0xf8, 0xf8, 0xf8, 0xff, 0x00, 0x00, 0x00, 0x00,
    0x00, 0x00, 0x00, 0x00, 0xf8, 0xf8, 0xf8, 0xff, 0xf8, 0xf8, 0xf8, 0xff,
    0xf8, 0xf8, 0xf8, 0xff, 0xf8, 0xf8, 0xf8, 0xff, 0xf8, 0xf8, 0xf8, 0xff,
    0xf8, 0xf8, 0xf8, 0xff, 0x00, 0x00, 0x00, 0x00, 0x00, 0x00, 0x00, 0x00,
    0x60, 0x00, 0x00, 0xff, 0x60, 0x00, 0x00, 0xff, 0x60, 0x00, 0x00, 0xff,
    0x60, 0x00, 0x00, 0xff, 0xc8, 0xc8, 0xc8, 0xff, 0xc8, 0xc8, 0xc8, 0xff,
    0xc8, 0xc8, 0xc8, 0xff, 0xc8, 0xc8, 0xc8, 0xff, 0xa0, 0xa0, 0xa0, 0xff,
    0xa0, 0xa0, 0xa0, 0xff, 0xa0, 0xa0, 0xa0, 0xff, 0xa0, 0xa0, 0xa0, 0xff,
    0xa0, 0xa0, 0xa0, 0xff, 0xa0, 0xa0, 0xa0, 0xff, 0x60, 0x00, 0x00, 0xff,
    0x60, 0x00, 0x00, 0xff, 0x00, 0x00, 0x00, 0x00, 0x00, 0x00, 0x00, 0x00,
    0x00, 0x00, 0x00, 0x00, 0x00, 0x00, 0x00, 0x00, 0x00, 0x00, 0x00, 0x00,
    0x00, 0x00, 0x00, 0x00, 0x00, 0x00, 0x00, 0x00, 0x00, 0x00, 0x00, 0x00,
    0x00, 0x00, 0x00, 0x00, 0x00, 0x00, 0x00, 0x00, 0x00, 0x00, 0x00, 0x00,
    0x00, 0x00, 0x00, 0x00, 0x00, 0x00, 0x00, 0x00, 0x00, 0x00, 0x00, 0x00,
    0x00, 0x00, 0x00, 0x00, 0x00, 0x00, 0x00, 0x00, 0x00, 0x00, 0x00, 0x00,
    0x00, 0x00, 0x00, 0x00, 0x00, 0x00, 0x00, 0x00, 0x00, 0x00, 0x00, 0x00,
    0x00, 0x00, 0x00, 0x00, 0x00, 0x00, 0x00, 0x00, 0x00, 0x00, 0x00, 0x00,
    0x00, 0x00, 0x00, 0x00, 0x00, 0x00, 0x00, 0x00, 0x00, 0x00, 0x00, 0x00,
    0x00, 0x00, 0x00, 0x00, 0x00, 0x00, 0x00, 0x00, 0x00, 0x00, 0x00, 0x00,
    0x00, 0x00, 0x00, 0x00, 0x00, 0x00, 0x00, 0x00, 0x00, 0x00, 0x00, 0x00,
    0x00, 0x00, 0x00, 0x00, 0x00, 0x00, 0x00, 0x00, 0x00, 0x00, 0x00, 0x00,
    0x00, 0x00, 0x00, 0x00, 0x60, 0x00, 0x00, 0xff, 0x60, 0x00, 0x00, 0xff,
    0xa0, 0xa0, 0xa0, 0xff, 0xa0, 0xa0, 0xa0, 0xff, 0x60, 0x00, 0x00, 0xff,
    0x60, 0x00, 0x00, 0xff, 0xc8, 0xc8, 0xc8, 0xff, 0xc8, 0xc8, 0xc8, 0xff,
    0x60, 0x00, 0x00, 0xff, 0x60, 0x00, 0x00, 0xff, 0x60, 0x00, 0x00, 0xff,
    0x60, 0x00, 0x00, 0xff, 0xc8, 0xc8, 0xc8, 0xff, 0xc8, 0xc8, 0xc8, 0xff,
    0x60, 0x00, 0x00, 0xff, 0x60, 0x00, 0x00, 0xff, 0x00, 0x00, 0x00, 0x00,
    0x00, 0x00, 0x00, 0x00, 0x00, 0x00, 0x00, 0x00, 0x00, 0x00, 0x00, 0x00,
    0x00, 0x00, 0x00, 0x00, 0x00, 0x00, 0x00, 0x00, 0x00, 0x00, 0x00, 0x00,
    0x00, 0x00, 0x00, 0x00, 0x00, 0x00, 0x00, 0x00, 0x00, 0x00, 0x00, 0x00,
    0x00, 0x00, 0x00, 0x00, 0x00, 0x00, 0x00, 0x00, 0x00, 0x00, 0x00, 0x00,
    0x00, 0x00, 0x00, 0x00, 0x00, 0x00, 0x00, 0x00, 0x00, 0x00, 0x00, 0x00,
    0x00, 0x00, 0x00, 0x00, 0x00, 0x00, 0x00, 0x00, 0x00, 0x00, 0x00, 0x00,
    0x00, 0x00, 0x00, 0x00, 0x00, 0x00, 0x00, 0x00, 0x00, 0x00, 0x00, 0x00,
    0x00, 0x00, 0x00, 0x00, 0x00, 0x00, 0x00, 0x00, 0x00, 0x00, 0x00, 0x00,
    0x00, 0x00, 0x00, 0x00, 0x00, 0x00, 0x00, 0x00, 0x00, 0x00, 0x00, 0x00,
    0x00, 0x00, 0x00, 0x00, 0x00, 0x00, 0x00, 0x00, 0x00, 0x00, 0x00, 0x00,
    0x00, 0x00, 0x00, 0x00, 0x00, 0x00, 0x00, 0x00, 0x00, 0x00, 0x00, 0x00,
    0x00, 0x00, 0x00, 0x00, 0x00, 0x00, 0x00, 0x00, 0x00, 0x00, 0x00, 0x00,
    0x00, 0x00, 0x00, 0x00, 0x00, 0x00, 0x00, 0x00, 0x00, 0x00, 0x00, 0x00,
    0x00, 0x00, 0x00, 0x00, 0x00, 0x00, 0x00, 0x00, 0x00, 0x00, 0x00, 0x00,
    0x00, 0x00, 0x00, 0x00, 0x00, 0x00, 0x00, 0x00, 0x00, 0x00, 0x00, 0x00,
    0x00, 0x00, 0x00, 0x00, 0x00, 0x00, 0x00, 0x00, 0x00, 0x00, 0x00, 0x00,
    0x00, 0x00, 0x00, 0x00, 0x00, 0x00, 0x00, 0x00, 0x00, 0x00, 0x00, 0x00,
    0xf8, 0xf8, 0xf8, 0xff, 0xf8, 0xf8, 0xf8, 0xff, 0xf8, 0xf8, 0xf8, 0xff,
    0xf8, 0xf8, 0xf8, 0xff, 0xf8, 0xf8, 0xf8, 0xff, 0xf8, 0xf8, 0xf8, 0xff,
    0xf8, 0xf8, 0xf8, 0xff, 0xf8, 0xf8, 0xf8, 0xff, 0x60, 0x00, 0x00, 0xff,
    0x60, 0x00, 0x00, 0xff, 0xc8, 0xc8, 0xc8, 0xff, 0xc8, 0xc8, 0xc8, 0xff,
    0x60, 0x00, 0x00, 0xff, 0x60, 0x00, 0x00, 0xff, 0x60, 0x00, 0x00, 0xff,
    0x60, 0x00, 0x00, 0xff, 0xa0, 0xa0, 0xa0, 0xff, 0xa0, 0xa0, 0xa0, 0xff,
    0x60, 0x00, 0x00, 0xff, 0x60, 0x00, 0x00, 0xff, 0xa0, 0xa0, 0xa0, 0xff,
    0xa0, 0xa0, 0xa0, 0xff, 0x60, 0x00, 0x00, 0xff, 0x60, 0x00, 0x00, 0xff,
    0x00, 0x00, 0x00, 0x00, 0x00, 0x00, 0x00, 0x00, 0x00, 0x00, 0x00, 0x00,
    0x00, 0x00, 0x00, 0x00, 0x00, 0x00, 0x00, 0x00, 0x00, 0x00, 0x00, 0x00,
    0x00, 0x00, 0x00, 0x00, 0x00, 0x00, 0x00, 0x00, 0x00, 0x00, 0x00, 0x00,
    0x00, 0x00, 0x00, 0x00, 0x00, 0x00, 0x00, 0x00, 0x00, 0x00, 0x00, 0x00,
    0x00, 0x00, 0x00, 0x00, 0x00, 0x00, 0x00, 0x00, 0x00, 0x00, 0x00, 0x00,
    0x00, 0x00, 0x00, 0x00, 0x00, 0x00, 0x00, 0x00, 0x00, 0x00, 0x00, 0x00,
    0x00, 0x00, 0x00, 0x00, 0x00, 0x00, 0x00, 0x00, 0x00, 0x00, 0x00, 0x00,
    0x00, 0x00, 0x00, 0x00, 0x00, 0x00, 0x00, 0x00, 0x00, 0x00, 0x00, 0x00,
    0x00, 0x00, 0x00, 0x00, 0x00, 0x00, 0x00, 0x00, 0x00, 0x00, 0x00, 0x00,
    0x00, 0x00, 0x00, 0x00, 0x00, 0x00, 0x00, 0x00, 0x00, 0x00, 0x00, 0x00,
    0x00, 0x00, 0x00, 0x00, 0x00, 0x00, 0x00, 0x00, 0x00, 0x00, 0x00, 0x00,
    0x00, 0x00, 0x00, 0x00, 0x00, 0x00, 0x00, 0x00, 0x00, 0x00, 0x00, 0x00,
    0x60, 0x00, 0x00, 0xff, 0x60, 0x00, 0x00, 0xff, 0xa0, 0xa0, 0xa0, 0xff,
    0xa0, 0xa0, 0xa0, 0xff, 0x60, 0x00, 0x00, 0xff, 0x60, 0x00, 0x00, 0xff,
    0xc8, 0xc8, 0xc8, 0xff, 0xc8, 0xc8, 0xc8, 0xff, 0x60, 0x00, 0x00, 0xff,
    0x60, 0x00, 0x00, 0xff, 0x60, 0x00, 0x00, 0xff, 0x60, 0x00, 0x00, 0xff,
    0xc8, 0xc8, 0xc8, 0xff, 0xc8, 0xc8, 0xc8, 0xff, 0x60, 0x00, 0x00, 0xff,
    0x60, 0x00, 0x00, 0xff, 0x00, 0x00, 0x00, 0x00, 0x00, 0x00, 0x00, 0x00,
    0x00, 0x00, 0x00, 0x00, 0x00, 0x00, 0x00, 0x00, 0x00, 0x00, 0x00, 0x00,
    0x00, 0x00, 0x00, 0x00, 0x00, 0x00, 0x00, 0x00, 0x00, 0x00, 0x00, 0x00,
    0x00, 0x00, 0x00, 0x00, 0x00, 0x00, 0x00, 0x00, 0x00, 0x00, 0x00, 0x00,
    0x00, 0x00, 0x00, 0x00, 0x00, 0x00, 0x00, 0x00, 0x00, 0x00, 0x00, 0x00,
    0x00, 0x00, 0x00, 0x00, 0x00, 0x00, 0x00, 0x00, 0x00, 0x00, 0x00, 0x00,
    0x00, 0x00, 0x00, 0x00, 0x00, 0x00, 0x00, 0x00, 0x00, 0x00, 0x00, 0x00,
    0x00, 0x00, 0x00, 0x00, 0x00, 0x00, 0x00, 0x00, 0x00, 0x00, 0x00, 0x00,
    0x00, 0x00, 0x00, 0x00, 0x00, 0x00, 0x00, 0x00, 0x00, 0x00, 0x00, 0x00,
    0x00, 0x00, 0x00, 0x00, 0x00, 0x00, 0x00, 0x00, 0x00, 0x00, 0x00, 0x00,
    0x00, 0x00, 0x00, 0x00, 0x00, 0x00, 0x00, 0x00, 0x00, 0x00, 0x00, 0x00,
    0x00, 0x00, 0x00, 0x00, 0x00, 0x00, 0x00, 0x00, 0x00, 0x00, 0x00, 0x00,
    0x00, 0x00, 0x00, 0x00, 0x00, 0x00, 0x00, 0x00, 0x00, 0x00, 0x00, 0x00,
    0x00, 0x00, 0x00, 0x00, 0x00, 0x00, 0x00, 0x00, 0x00, 0x00, 0x00, 0x00,
    0x00, 0x00, 0x00, 0x00, 0x00, 0x00, 0x00, 0x00, 0x00, 0x00, 0x00, 0x00,
    0x00, 0x00, 0x00, 0x00, 0x00, 0x00, 0x00, 0x00, 0x00, 0x00, 0x00, 0x00,
    0x00, 0x00, 0x00, 0x00, 0x00, 0x00, 0x00, 0x00, 0x00, 0x00, 0x00, 0x00,
    0x00, 0x00, 0x00, 0x00, 0x00, 0x00, 0x00, 0x00, 0xf8, 0xf8, 0xf8, 0xff,
    0xf8, 0xf8, 0xf8, 0xff, 0xf8, 0xf8, 0xf8, 0xff, 0xf8, 0xf8, 0xf8, 0xff,
    0xf8, 0xf8, 0xf8, 0xff, 0xf8, 0xf8, 0xf8, 0xff, 0xf8, 0xf8, 0xf8, 0xff,
    0xf8, 0xf8, 0xf8, 0xff, 0x60, 0x00, 0x00, 0xff, 0x60, 0x00, 0x00, 0xff,
    0xc8, 0xc8, 0xc8, 0xff, 0xc8, 0xc8, 0xc8, 0xff, 0x60, 0x00, 0x00, 0xff,
    0x60, 0x00, 0x00, 0xff, 0x60, 0x00, 0x00, 0xff, 0x60, 0x00, 0x00, 0xff,
    0xa0, 0xa0, 0xa0, 0xff, 0xa0, 0xa0, 0xa0, 0xff, 0x60, 0x00, 0x00, 0xff,
    0x60, 0x00, 0x00, 0xff, 0xa0, 0xa0, 0xa0, 0xff, 0xa0, 0xa0, 0xa0, 0xff,
    0x60, 0x00, 0x00, 0xff, 0x60, 0x00, 0x00, 0xff, 0x00, 0x00, 0x00, 0x00,
    0x00, 0x00, 0x00, 0x00, 0x00, 0x00, 0x00, 0x00, 0x00, 0x00, 0x00, 0x00,
    0x00, 0x00, 0x00, 0x00, 0x00, 0x00, 0x00, 0x00, 0x00, 0x00, 0x00, 0x00,
    0x00, 0x00, 0x00, 0x00, 0x00, 0x00, 0x00, 0x00, 0x00, 0x00, 0x00, 0x00,
    0x00, 0x00, 0x00, 0x00, 0x00, 0x00, 0x00, 0x00, 0x00, 0x00, 0x00, 0x00,
    0x00, 0x00, 0x00, 0x00, 0x00, 0x00, 0x00, 0x00, 0x00, 0x00, 0x00, 0x00,
    0x00, 0x00, 0x00, 0x00, 0x00, 0x00, 0x00, 0x00, 0x00, 0x00, 0x00, 0x00,
    0x00, 0x00, 0x00, 0x00, 0x00, 0x00, 0x00, 0x00, 0x00, 0x00, 0x00, 0x00,
    0x00, 0x00, 0x00, 0x00, 0x00, 0x00, 0x00, 0x00, 0x00, 0x00, 0x00, 0x00,
    0x00, 0x00, 0x00, 0x00, 0x00, 0x00, 0x00, 0x00, 0x00, 0x00, 0x00, 0x00,
    0x00, 0x00, 0x00, 0x00, 0x00, 0x00, 0x00, 0x00, 0x00, 0x00, 0x00, 0x00,
    0x00, 0x00, 0x00, 0x00, 0x00, 0x00, 0x00, 0x00, 0x00, 0x00, 0x00, 0x00,
    0x00, 0x00, 0x00, 0x00, 0x00, 0x00, 0x00, 0x00, 0x60, 0x00, 0x00, 0xff,
    0x60, 0x00, 0x00, 0xff, 0xa0, 0xa0, 0xa0, 0xff, 0xa0, 0xa0, 0xa0, 0xff,
    0xa0, 0xa0, 0xa0, 0xff, 0xa0, 0xa0, 0xa0, 0xff, 0xa0, 0xa0, 0xa0, 0xff,
    0xa0, 0xa0, 0xa0, 0xff, 0xc8, 0xc8, 0xc8, 0xff, 0xc8, 0xc8, 0xc8, 0xff,
    0xc8, 0xc8, 0xc8, 0xff, 0xc8, 0xc8, 0xc8, 0xff, 0xc8, 0xc8, 0xc8, 0xff,
    0xc8, 0xc8, 0xc8, 0xff, 0x60, 0x00, 0x00, 0xff, 0x60, 0x00, 0x00, 0xff,
    0x00, 0x00, 0x00, 0x00, 0x00, 0x00, 0x00, 0x00, 0x00, 0x00, 0x00, 0x00,
    0x00, 0x00, 0x00, 0x00, 0x00, 0x00, 0x00, 0x00, 0x00, 0x00, 0x00, 0x00,
    0x00, 0x00, 0x00, 0x00, 0x00, 0x00, 0x00, 0x00, 0x00, 0x00, 0x00, 0x00,
    0x00, 0x00, 0x00, 0x00, 0x00, 0x00, 0x00, 0x00, 0x00, 0x00, 0x00, 0x00,
    0x00, 0x00, 0x00, 0x00, 0x00, 0x00, 0x00, 0x00, 0x00, 0x00, 0x00, 0x00,
    0x00, 0x00, 0x00, 0x00, 0x00, 0x00, 0x00, 0x00, 0x00, 0x00, 0x00, 0x00,
    0x00, 0x00, 0x00, 0x00, 0x00, 0x00, 0x00, 0x00, 0x00, 0x00, 0x00, 0x00,
    0x00, 0x00, 0x00, 0x00, 0x00, 0x00, 0x00, 0x00, 0x00, 0x00, 0x00, 0x00,
    0x00, 0x00, 0x00, 0x00, 0x00, 0x00, 0x00, 0x00, 0x00, 0x00, 0x00, 0x00,
    0x00, 0x00, 0x00, 0x00, 0x00, 0x00, 0x00, 0x00, 0x00, 0x00, 0x00, 0x00,
    0x00, 0x00, 0x00, 0x00, 0x00, 0x00, 0x00, 0x00, 0x00, 0x00, 0x00, 0x00,
    0x00, 0x00, 0x00, 0x00, 0x00, 0x00, 0x00, 0x00, 0x00, 0x00, 0x00, 0x00,
    0x00, 0x00, 0x00, 0x00, 0x00, 0x00, 0x00, 0x00, 0x00, 0x00, 0x00, 0x00,
    0x00, 0x00, 0x00, 0x00, 0x00, 0x00, 0x00, 0x00, 0x00, 0x00, 0x00, 0x00,
    0x00, 0x00, 0x00, 0x00, 0x00, 0x00, 0x00, 0x00, 0x00, 0x00, 0x00, 0x00,
    0x00, 0x00, 0x00, 0x00, 0x00, 0x00, 0x00, 0x00, 0x00, 0x00, 0x00, 0x00,
    0x00, 0x00, 0x00, 0x00, 0x00, 0x00, 0x00, 0x00, 0x00, 0x00, 0x00, 0x00,
    0x00, 0x00, 0x00, 0x00, 0x00, 0x00, 0x00, 0x00, 0x00, 0x00, 0x00, 0x00,
    0xf8, 0xf8, 0xf8, 0xff, 0xf8, 0xf8, 0xf8, 0xff, 0xf8, 0xf8, 0xf8, 0xff,
    0xf8, 0xf8, 0xf8, 0xff, 0xf8, 0xf8, 0xf8, 0xff, 0xf8, 0xf8, 0xf8, 0xff,
    0x60, 0x00, 0x00, 0xff, 0x60, 0x00, 0x00, 0xff, 0xc8, 0xc8, 0xc8, 0xff,
    0xc8, 0xc8, 0xc8, 0xff, 0xa0, 0xa0, 0xa0, 0xff, 0xa0, 0xa0, 0xa0, 0xff,
    0xa0, 0xa0, 0xa0, 0xff, 0xa0, 0xa0, 0xa0, 0xff, 0xa0, 0xa0, 0xa0, 0xff,
    0xa0, 0xa0, 0xa0, 0xff, 0xa0, 0xa0, 0xa0, 0xff, 0xa0, 0xa0, 0xa0, 0xff,
    0xa0, 0xa0, 0xa0, 0xff, 0xa0, 0xa0, 0xa0, 0xff, 0x60, 0x00, 0x00, 0xff,
    0x60, 0x00, 0x00, 0xff, 0x00, 0x00, 0x00, 0x00, 0x00, 0x00, 0x00, 0x00,
    0x00, 0x00, 0x00, 0x00, 0x00, 0x00, 0x00, 0x00, 0x00, 0x00, 0x00, 0x00,
    0x00, 0x00, 0x00, 0x00, 0x00, 0x00, 0x00, 0x00, 0x00, 0x00, 0x00, 0x00,
    0x00, 0x00, 0x00, 0x00, 0x00, 0x00, 0x00, 0x00, 0x00, 0x00, 0x00, 0x00,
    0x00, 0x00, 0x00, 0x00, 0x00, 0x00, 0x00, 0x00, 0x00, 0x00, 0x00, 0x00,
    0x00, 0x00, 0x00, 0x00, 0x00, 0x00, 0x00, 0x00, 0x00, 0x00, 0x00, 0x00,
    0x00, 0x00, 0x00, 0x00, 0x00, 0x00, 0x00, 0x00, 0x00, 0x00, 0x00, 0x00,
    0x00, 0x00, 0x00, 0x00, 0x00, 0x00, 0x00, 0x00, 0x00, 0x00, 0x00, 0x00,
    0x00, 0x00, 0x00, 0x00, 0x00, 0x00, 0x00, 0x00, 0x00, 0x00, 0x00, 0x00,
    0x00, 0x00, 0x00, 0x00, 0x00, 0x00, 0x00, 0x00, 0x00, 0x00, 0x00, 0x00,
    0x00, 0x00, 0x00, 0x00, 0x00, 0x00, 0x00, 0x00, 0x00, 0x00, 0x00, 0x00,
    0x00, 0x00, 0x00, 0x00, 0x00, 0x00, 0x00, 0x00, 0x00, 0x00, 0x00, 0x00,
    0x00, 0x00, 0x00, 0x00, 0x60, 0x00, 0x00, 0xff, 0x60, 0x00, 0x00, 0xff,
    0xa0, 0xa0, 0xa0, 0xff, 0xa0, 0xa0, 0xa0, 0xff, 0xa0, 0xa0, 0xa0, 0xff,
    0xa0, 0xa0, 0xa0, 0xff, 0xa0, 0xa0, 0xa0, 0xff, 0xa0, 0xa0, 0xa0, 0xff,
    0xc8, 0xc8, 0xc8, 0xff, 0xc8, 0xc8, 0xc8, 0xff, 0xc8, 0xc8, 0xc8, 0xff,
    0xc8, 0xc8, 0xc8, 0xff, 0xc8, 0xc8, 0xc8, 0xff, 0xc8, 0xc8, 0xc8, 0xff,
    0x60, 0x00, 0x00, 0xff, 0x60, 0x00, 0x00, 0xff, 0x00, 0x00, 0x00, 0x00,
    0x00, 0x00, 0x00, 0x00, 0x00, 0x00, 0x00, 0x00, 0x00, 0x00, 0x00, 0x00,
    0x00, 0x00, 0x00, 0x00, 0x00, 0x00, 0x00, 0x00, 0x00, 0x00, 0x00, 0x00,
    0x00, 0x00, 0x00, 0x00, 0x00, 0x00, 0x00, 0x00, 0x00, 0x00, 0x00, 0x00,
    0x00, 0x00, 0x00, 0x00, 0x00, 0x00, 0x00, 0x00, 0x00, 0x00, 0x00, 0x00,
    0x00, 0x00, 0x00, 0x00, 0x00, 0x00, 0x00, 0x00, 0x00, 0x00, 0x00, 0x00,
    0x00, 0x00, 0x00, 0x00, 0x00, 0x00, 0x00, 0x00, 0x00, 0x00, 0x00, 0x00,
    0x00, 0x00, 0x00, 0x00, 0x00, 0x00, 0x00, 0x00, 0x00, 0x00, 0x00, 0x00,
    0x00, 0x00, 0x00, 0x00, 0x00, 0x00, 0x00, 0x00, 0x00, 0x00, 0x00, 0x00,
    0x00, 0x00, 0x00, 0x00, 0x00, 0x00, 0x00, 0x00, 0x00, 0x00, 0x00, 0x00,
    0x00, 0x00, 0x00, 0x00, 0x00, 0x00, 0x00, 0x00, 0x00, 0x00, 0x00, 0x00,
    0x00, 0x00, 0x00, 0x00, 0x00, 0x00, 0x00, 0x00, 0x00, 0x00, 0x00, 0x00,
    0x00, 0x00, 0x00, 0x00, 0x00, 0x00, 0x00, 0x00, 0x00, 0x00, 0x00, 0x00,
    0x00, 0x00, 0x00, 0x00, 0x00, 0x00, 0x00, 0x00, 0x00, 0x00, 0x00, 0x00,
    0x00, 0x00, 0x00, 0x00, 0x00, 0x00, 0x00, 0x00, 0x00, 0x00, 0x00, 0x00,
    0x00, 0x00, 0x00, 0x00, 0x00, 0x00, 0x00, 0x00, 0x00, 0x00, 0x00, 0x00,
    0x00, 0x00, 0x00, 0x00, 0x00, 0x00, 0x00, 0x00, 0x00, 0x00, 0x00, 0x00,
    0x00, 0x00, 0x00, 0x00, 0x00, 0x00, 0x00, 0x00, 0x00, 0x00, 0x00, 0x00,
    0x00, 0x00, 0x00, 0x00, 0x00, 0x00, 0x00, 0x00, 0xf8, 0xf8, 0xf8, 0xff,
    0xf8, 0xf8, 0xf8, 0xff, 0xf8, 0xf8, 0xf8, 0xff, 0xf8, 0xf8, 0xf8, 0xff,
    0xf8, 0xf8, 0xf8, 0xff, 0xf8, 0xf8, 0xf8, 0xff, 0x60, 0x00, 0x00, 0xff,
    0x60, 0x00, 0x00, 0xff, 0xc8, 0xc8, 0xc8, 0xff, 0xc8, 0xc8, 0xc8, 0xff,
    0xa0, 0xa0, 0xa0, 0xff, 0xa0, 0xa0, 0xa0, 0xff, 0xa0, 0xa0, 0xa0, 0xff,
    0xa0, 0xa0, 0xa0, 0xff, 0xa0, 0xa0, 0xa0, 0xff, 0xa0, 0xa0, 0xa0, 0xff,
    0xa0, 0xa0, 0xa0, 0xff, 0xa0, 0xa0, 0xa0, 0xff, 0xa0, 0xa0, 0xa0, 0xff,
    0xa0, 0xa0, 0xa0, 0xff, 0x60, 0x00, 0x00, 0xff, 0x60, 0x00, 0x00, 0xff,
    0x00, 0x00, 0x00, 0x00, 0x00, 0x00, 0x00, 0x00, 0x00, 0x00, 0x00, 0x00,
    0x00, 0x00, 0x00, 0x00, 0x00, 0x00, 0x00, 0x00, 0x00, 0x00, 0x00, 0x00,
    0x00, 0x00, 0x00, 0x00, 0x00, 0x00, 0x00, 0x00, 0x00, 0x00, 0x00, 0x00,
    0x00, 0x00, 0x00, 0x00, 0x00, 0x00, 0x00, 0x00, 0x00, 0x00, 0x00, 0x00,
    0x00, 0x00, 0x00, 0x00, 0x00, 0x00, 0x00, 0x00, 0x00, 0x00, 0x00, 0x00,
    0x00, 0x00, 0x00, 0x00, 0x00, 0x00, 0x00, 0x00, 0x00, 0x00, 0x00, 0x00,
    0x00, 0x00, 0x00, 0x00, 0x00, 0x00, 0x00, 0x00, 0x00, 0x00, 0x00, 0x00,
    0x00, 0x00, 0x00, 0x00, 0x00, 0x00, 0x00, 0x00, 0x00, 0x00, 0x00, 0x00,
    0x00, 0x00, 0x00, 0x00, 0x00, 0x00, 0x00, 0x00, 0x00, 0x00, 0x00, 0x00,
    0x00, 0x00, 0x00, 0x00, 0x00, 0x00, 0x00, 0x00, 0x00, 0x00, 0x00, 0x00,
    0x00, 0x00, 0x00, 0x00, 0x00, 0x00, 0x00, 0x00, 0x00, 0x00, 0x00, 0x00,
    0x00, 0x00, 0x00, 0x00, 0x00, 0x00, 0x00, 0x00, 0x00, 0x00, 0x00, 0x00,
    0x60, 0x00, 0x00, 0xff, 0x60, 0x00, 0x00, 0xff, 0xa0, 0xa0, 0xa0, 0xff,
    0xa0, 0xa0, 0xa0, 0xff, 0x60, 0x00, 0x00, 0xff, 0x60, 0x00, 0x00, 0xff,
    0xa0, 0xa0, 0xa0, 0xff, 0xa0, 0xa0, 0xa0, 0xff, 0xf8, 0xf8, 0xf8, 0xff,
    0xf8, 0xf8, 0xf8, 0xff, 0xa0, 0xa0, 0xa0, 0xff, 0xa0, 0xa0, 0xa0, 0xff,
    0x60, 0x00, 0x00, 0xff, 0x60, 0x00, 0x00, 0xff, 0x00, 0x00, 0x00, 0x00,
    0x00, 0x00, 0x00, 0x00, 0x00, 0x00, 0x00, 0x00, 0x00, 0x00, 0x00, 0x00,
    0x00, 0x00, 0x00, 0x00, 0x00, 0x00, 0x00, 0x00, 0x00, 0x00, 0x00, 0x00,
    0x00, 0x00, 0x00, 0x00, 0x00, 0x00, 0x00, 0x00, 0x00, 0x00, 0x00, 0x00,
    0x00, 0x00, 0x00, 0x00, 0x00, 0x00, 0x00, 0x00, 0x00, 0x00, 0x00, 0x00,
    0x00, 0x00, 0x00, 0x00, 0x00, 0x00, 0x00, 0x00, 0x00, 0x00, 0x00, 0x00,
    0x00, 0x00, 0x00, 0x00, 0x00, 0x00, 0x00, 0x00, 0x00, 0x00, 0x00, 0x00,
    0x00, 0x00, 0x00, 0x00, 0x00, 0x00, 0x00, 0x00, 0x00, 0x00, 0x00, 0x00,
    0x00, 0x00, 0x00, 0x00, 0x00, 0x00, 0x00, 0x00, 0x00, 0x00, 0x00, 0x00,
    0x00, 0x00, 0x00, 0x00, 0x00, 0x00, 0x00, 0x00, 0x00, 0x00, 0x00, 0x00,
    0x00, 0x00, 0x00, 0x00, 0x00, 0x00, 0x00, 0x00, 0x00, 0x00, 0x00, 0x00,
    0x00, 0x00, 0x00, 0x00, 0x00, 0x00, 0x00, 0x00, 0x00, 0x00, 0x00, 0x00,
    0x00, 0x00, 0x00, 0x00, 0x00, 0x00, 0x00, 0x00, 0x00, 0x00, 0x00, 0x00,
    0x00, 0x00, 0x00, 0x00, 0x00, 0x00, 0x00, 0x00, 0x00, 0x00, 0x00, 0x00,
    0x00, 0x00, 0x00, 0x00, 0x00, 0x00, 0x00, 0x00, 0x00, 0x00, 0x00, 0x00,
    0x00, 0x00, 0x00, 0x00, 0x00, 0x00, 0x00, 0x00, 0x00, 0x00, 0x00, 0x00,
    0x00, 0x00, 0x00, 0x00, 0x00, 0x00, 0x00, 0x00, 0x00, 0x00, 0x00, 0x00,
    0x00, 0x00, 0x00, 0x00, 0x00, 0x00, 0x00, 0x00, 0x00, 0x00, 0x00, 0x00,
    0x00, 0x00, 0x00, 0x00, 0x00, 0x00, 0x00, 0x00, 0x00, 0x00, 0x00, 0x00,
    0x00, 0x00, 0x00, 0x00, 0xf8, 0xf8, 0xf8, 0xff, 0xf8, 0xf8, 0xf8, 0xff,
    0xf8, 0xf8, 0xf8, 0xff, 0xf8, 0xf8, 0xf8, 0xff, 0xf8, 0xf8, 0xf8, 0xff,
    0xf8, 0xf8, 0xf8, 0xff, 0x00, 0x00, 0x00, 0x00, 0x00, 0x00, 0x00, 0x00,
    0x60, 0x00, 0x00, 0xff, 0x60, 0x00, 0x00, 0xff, 0xa0, 0xa0, 0xa0, 0xff,
    0xa0, 0xa0, 0xa0, 0xff, 0xa0, 0xa0, 0xa0, 0xff, 0xa0, 0xa0, 0xa0, 0xff,
    0xf8, 0xf8, 0xf8, 0xff, 0xf8, 0xf8, 0xf8, 0xff, 0xf8, 0xf8, 0xf8, 0xff,
    0xf8, 0xf8, 0xf8, 0xff, 0xa0, 0xa0, 0xa0, 0xff, 0xa0, 0xa0, 0xa0, 0xff,
    0x60, 0x00, 0x00, 0xff, 0x60, 0x00, 0x00, 0xff, 0x00, 0x00, 0x00, 0x00,
    0x00, 0x00, 0x00, 0x00, 0x00, 0x00, 0x00, 0x00, 0x00, 0x00, 0x00, 0x00,
    0x00, 0x00, 0x00, 0x00, 0x00, 0x00, 0x00, 0x00, 0x00, 0x00, 0x00, 0x00,
    0x00, 0x00, 0x00, 0x00, 0x00, 0x00, 0x00, 0x00, 0x00, 0x00, 0x00, 0x00,
    0x00, 0x00, 0x00, 0x00, 0x00, 0x00, 0x00, 0x00, 0x00, 0x00, 0x00, 0x00,
    0x00, 0x00, 0x00, 0x00, 0x00, 0x00, 0x00, 0x00, 0x00, 0x00, 0x00, 0x00,
    0x00, 0x00, 0x00, 0x00, 0x00, 0x00, 0x00, 0x00, 0x00, 0x00, 0x00, 0x00,
    0x00, 0x00, 0x00, 0x00, 0x00, 0x00, 0x00, 0x00, 0x00, 0x00, 0x00, 0x00,
    0x00, 0x00, 0x00, 0x00, 0x00, 0x00, 0x00, 0x00, 0x00, 0x00, 0x00, 0x00,
    0x00, 0x00, 0x00, 0x00, 0x00, 0x00, 0x00, 0x00, 0x00, 0x00, 0x00, 0x00,
    0x00, 0x00, 0x00, 0x00, 0x00, 0x00, 0x00, 0x00, 0x00, 0x00, 0x00, 0x00,
    0x00, 0x00, 0x00, 0x00, 0x00, 0x00, 0x00, 0x00, 0x00, 0x00, 0x00, 0x00,
    0x00, 0x00, 0x00, 0x00, 0x00, 0x00, 0x00, 0x00, 0x60, 0x00, 0x00, 0xff,
    0x60, 0x00, 0x00, 0xff, 0xa0, 0xa0, 0xa0, 0xff, 0xa0, 0xa0, 0xa0, 0xff,
    0x60, 0x00, 0x00, 0xff, 0x60, 0x00, 0x00, 0xff, 0xa0, 0xa0, 0xa0, 0xff,
    0xa0, 0xa0, 0xa0, 0xff, 0xf8, 0xf8, 0xf8, 0xff, 0xf8, 0xf8, 0xf8, 0xff,
    0xa0, 0xa0, 0xa0, 0xff, 0xa0, 0xa0, 0xa0, 0xff, 0x60, 0x00, 0x00, 0xff,
    0x60, 0x00, 0x00, 0xff, 0x00, 0x00, 0x00, 0x00, 0x00, 0x00, 0x00, 0x00,
    0x00, 0x00, 0x00, 0x00, 0x00, 0x00, 0x00, 0x00, 0x00, 0x00, 0x00, 0x00,
    0x00, 0x00, 0x00, 0x00, 0x00, 0x00, 0x00, 0x00, 0x00, 0x00, 0x00, 0x00,
    0x00, 0x00, 0x00, 0x00, 0x00, 0x00, 0x00, 0x00, 0x00, 0x00, 0x00, 0x00,
    0x00, 0x00, 0x00, 0x00, 0x00, 0x00, 0x00, 0x00, 0x00, 0x00, 0x00, 0x00,
    0x00, 0x00, 0x00, 0x00, 0x00, 0x00, 0x00, 0x00, 0x00, 0x00, 0x00, 0x00,
    0x00, 0x00, 0x00, 0x00, 0x00, 0x00, 0x00, 0x00, 0x00, 0x00, 0x00, 0x00,
    0x00, 0x00, 0x00, 0x00, 0x00, 0x00, 0x00, 0x00, 0x00, 0x00, 0x00, 0x00,
    0x00, 0x00, 0x00, 0x00, 0x00, 0x00, 0x00, 0x00, 0x00, 0x00, 0x00, 0x00,
    0x00, 0x00, 0x00, 0x00, 0x00, 0x00, 0x00, 0x00, 0x00, 0x00, 0x00, 0x00,
    0x00, 0x00, 0x00, 0x00, 0x00, 0x00, 0x00, 0x00, 0x00, 0x00, 0x00, 0x00,
    0x00, 0x00, 0x00, 0x00, 0x00, 0x00, 0x00, 0x00, 0x00, 0x00, 0x00, 0x00,
    0x00, 0x00, 0x00, 0x00, 0x00, 0x00, 0x00, 0x00, 0x00, 0x00, 0x00, 0x00,
    0x00, 0x00, 0x00, 0x00, 0x00, 0x00, 0x00, 0x00, 0x00, 0x00, 0x00, 0x00,
    0x00, 0x00, 0x00, 0x00, 0x00, 0x00, 0x00, 0x00, 0x00, 0x00, 0x00, 0x00,
    0x00, 0x00, 0x00, 0x00, 0x00, 0x00, 0x00, 0x00, 0x00, 0x00, 0x00, 0x00,
    0x00, 0x00, 0x00, 0x00, 0x00, 0x00, 0x00, 0x00, 0x00, 0x00, 0x00, 0x00,
    0x00, 0x00, 0x00, 0x00, 0x00, 0x00, 0x00, 0x00, 0x00, 0x00, 0x00, 0x00,
    0x00, 0x00, 0x00, 0x00, 0x00, 0x00, 0x00, 0x00, 0x00, 0x00, 0x00, 0x00,
    0xf8, 0xf8, 0xf8, 0xff, 0xf8, 0xf8, 0xf8, 0xff, 0xf8, 0xf8, 0xf8, 0xff,
    0xf8, 0xf8, 0xf8, 0xff, 0xf8, 0xf8, 0xf8, 0xff, 0xf8, 0xf8, 0xf8, 0xff,
    0x00, 0x00, 0x00, 0x00, 0x00, 0x00, 0x00, 0x00, 0x60, 0x00, 0x00, 0xff,
    0x60, 0x00, 0x00, 0xff, 0xa0, 0xa0, 0xa0, 0xff, 0xa0, 0xa0, 0xa0, 0xff,
    0xa0, 0xa0, 0xa0, 0xff, 0xa0, 0xa0, 0xa0, 0xff, 0xf8, 0xf8, 0xf8, 0xff,
    0xf8, 0xf8, 0xf8, 0xff, 0xf8, 0xf8, 0xf8, 0xff, 0xf8, 0xf8, 0xf8, 0xff,
    0xa0, 0xa0, 0xa0, 0xff, 0xa0, 0xa0, 0xa0, 0xff, 0x60, 0x00, 0x00, 0xff,
    0x60, 0x00, 0x00, 0xff, 0x00, 0x00, 0x00, 0x00, 0x00, 0x00, 0x00, 0x00,
    0x00, 0x00, 0x00, 0x00, 0x00, 0x00, 0x00, 0x00, 0x00, 0x00, 0x00, 0x00,
    0x00, 0x00, 0x00, 0x00, 0x00, 0x00, 0x00, 0x00, 0x00, 0x00, 0x00, 0x00,
    0x00, 0x00, 0x00, 0x00, 0x00, 0x00, 0x00, 0x00, 0x00, 0x00, 0x00, 0x00,
    0x00, 0x00, 0x00, 0x00, 0x00, 0x00, 0x00, 0x00, 0x00, 0x00, 0x00, 0x00,
    0x00, 0x00, 0x00, 0x00, 0x00, 0x00, 0x00, 0x00, 0x00, 0x00, 0x00, 0x00,
    0x00, 0x00, 0x00, 0x00, 0x00, 0x00, 0x00, 0x00, 0x00, 0x00, 0x00, 0x00,
    0x00, 0x00, 0x00, 0x00, 0x00, 0x00, 0x00, 0x00, 0x00, 0x00, 0x00, 0x00,
    0x00, 0x00, 0x00, 0x00, 0x00, 0x00, 0x00, 0x00, 0x00, 0x00, 0x00, 0x00,
    0x00, 0x00, 0x00, 0x00, 0x00, 0x00, 0x00, 0x00, 0x00, 0x00, 0x00, 0x00,
    0x00, 0x00, 0x00, 0x00, 0x00, 0x00, 0x00, 0x00, 0x00, 0x00, 0x00, 0x00,
    0x00, 0x00, 0x00, 0x00, 0x00, 0x00, 0x00, 0x00, 0x00, 0x00, 0x00, 0x00,
    0x00, 0x00, 0x00, 0x00, 0x60, 0x00, 0x00, 0xff, 0x60, 0x00, 0x00, 0xff,
    0xa0, 0xa0, 0xa0, 0xff, 0xa0, 0xa0, 0xa0, 0xff, 0x60, 0x00, 0x00, 0xff,
    0x60, 0x00, 0x00, 0xff, 0xa0, 0xa0, 0xa0, 0xff, 0xa0, 0xa0, 0xa0, 0xff,
    0xa0, 0xa0, 0xa0, 0xff, 0xa0, 0xa0, 0xa0, 0xff, 0xf8, 0xf8, 0xf8, 0xff,
    0xf8, 0xf8, 0xf8, 0xff, 0x60, 0x00, 0x00, 0xff, 0x60, 0x00, 0x00, 0xff,
    0x00, 0x00, 0x00, 0x00, 0x00, 0x00, 0x00, 0x00, 0x00, 0x00, 0x00, 0x00,
    0x00, 0x00, 0x00, 0x00, 0x00, 0x00, 0x00, 0x00, 0x00, 0x00, 0x00, 0x00,
    0x00, 0x00, 0x00, 0x00, 0x00, 0x00, 0x00, 0x00, 0x00, 0x00, 0x00, 0x00,
    0x00, 0x00, 0x00, 0x00, 0x00, 0x00, 0x00, 0x00, 0x00, 0x00, 0x00, 0x00,
    0x00, 0x00, 0x00, 0x00, 0x00, 0x00, 0x00, 0x00, 0x00, 0x00, 0x00, 0x00,
    0x00, 0x00, 0x00, 0x00, 0x00, 0x00, 0x00, 0x00, 0x00, 0x00, 0x00, 0x00,
    0x00, 0x00, 0x00, 0x00, 0x00, 0x00, 0x00, 0x00, 0x00, 0x00, 0x00, 0x00,
    0x00, 0x00, 0x00, 0x00, 0x00, 0x00, 0x00, 0x00, 0x00, 0x00, 0x00, 0x00,
    0x00, 0x00, 0x00, 0x00, 0x00, 0x00, 0x00, 0x00, 0x00, 0x00, 0x00, 0x00,
    0x00, 0x00, 0x00, 0x00, 0x00, 0x00, 0x00, 0x00, 0x00, 0x00, 0x00, 0x00,
    0x00, 0x00, 0x00, 0x00, 0x00, 0x00, 0x00, 0x00, 0x00, 0x00, 0x00, 0x00,
    0x00, 0x00, 0x00, 0x00, 0x00, 0x00, 0x00, 0x00, 0x00, 0x00, 0x00, 0x00,
    0x00, 0x00, 0x00, 0x00, 0x00, 0x00, 0x00, 0x00, 0x00, 0x00, 0x00, 0x00,
    0x00, 0x00, 0x00, 0x00, 0x00, 0x00, 0x00, 0x00, 0x00, 0x00, 0x00, 0x00,
    0x00, 0x00, 0x00, 0x00, 0x00, 0x00, 0x00, 0x00, 0x00, 0x00, 0x00, 0x00,
    0x00, 0x00, 0x00, 0x00, 0x00, 0x00, 0x00, 0x00, 0x00, 0x00, 0x00, 0x00,
    0x00, 0x00, 0x00, 0x00, 0x00, 0x00, 0x00, 0x00, 0x00, 0x00, 0x00, 0x00,
    0x00, 0x00, 0x00, 0x00, 0x00, 0x00, 0x00, 0x00, 0x00, 0x00, 0x00, 0x00,
    0x00, 0x00, 0x00, 0x00, 0x00, 0x00, 0x00, 0x00, 0x00, 0x00, 0x00, 0x00,
    0x00, 0x00, 0x00, 0x00, 0xf8, 0xf8, 0xf8, 0xff, 0xf8, 0xf8, 0xf8, 0xff,
    0xf8, 0xf8, 0xf8, 0xff, 0xf8, 0xf8, 0xf8, 0xff, 0x00, 0x00, 0x00, 0x00,
    0x00, 0x00, 0x00, 0x00, 0x60, 0x00, 0x00, 0xff, 0x60, 0x00, 0x00, 0xff,
    0xa0, 0xa0, 0xa0, 0xff, 0xa0, 0xa0, 0xa0, 0xff, 0xa0, 0xa0, 0xa0, 0xff,
    0xa0, 0xa0, 0xa0, 0xff, 0xa0, 0xa0, 0xa0, 0xff, 0xa0, 0xa0, 0xa0, 0xff,
    0xa0, 0xa0, 0xa0, 0xff, 0xa0, 0xa0, 0xa0, 0xff, 0xa0, 0xa0, 0xa0, 0xff,
    0xa0, 0xa0, 0xa0, 0xff, 0x60, 0x00, 0x00, 0xff, 0x60, 0x00, 0x00, 0xff,
    0x00, 0x00, 0x00, 0x00, 0x00, 0x00, 0x00, 0x00, 0x00, 0x00, 0x00, 0x00,
    0x00, 0x00, 0x00, 0x00, 0x00, 0x00, 0x00, 0x00, 0x00, 0x00, 0x00, 0x00,
    0x00, 0x00, 0x00, 0x00, 0x00, 0x00, 0x00, 0x00, 0x00, 0x00, 0x00, 0x00,
    0x00, 0x00, 0x00, 0x00, 0x00, 0x00, 0x00, 0x00, 0x00, 0x00, 0x00, 0x00,
    0x00, 0x00, 0x00, 0x00, 0x00, 0x00, 0x00, 0x00, 0x00, 0x00, 0x00, 0x00,
    0x00, 0x00, 0x00, 0x00, 0x00, 0x00, 0x00, 0x00, 0x00, 0x00, 0x00, 0x00,
    0x00, 0x00, 0x00, 0x00, 0x00, 0x00, 0x00, 0x00, 0x00, 0x00, 0x00, 0x00,
    0x00, 0x00, 0x00, 0x00, 0x00, 0x00, 0x00, 0x00, 0x00, 0x00, 0x00, 0x00,
    0x00, 0x00, 0x00, 0x00, 0x00, 0x00, 0x00, 0x00, 0x00, 0x00, 0x00, 0x00,
    0x00, 0x00, 0x00, 0x00, 0x00, 0x00, 0x00, 0x00, 0x00, 0x00, 0x00, 0x00,
    0x00, 0x00, 0x00, 0x00, 0x00, 0x00, 0x00, 0x00, 0x00, 0x00, 0x00, 0x00,
    0x00, 0x00, 0x00, 0x00, 0x00, 0x00, 0x00, 0x00, 0x00, 0x00, 0x00, 0x00,
    0x60, 0x00, 0x00, 0xff, 0x60, 0x00, 0x00, 0xff, 0xa0, 0xa0, 0xa0, 0xff,
    0xa0, 0xa0, 0xa0, 0xff, 0x60, 0x00, 0x00, 0xff, 0x60, 0x00, 0x00, 0xff,
    0xa0, 0xa0, 0xa0, 0xff, 0xa0, 0xa0, 0xa0, 0xff, 0xa0, 0xa0, 0xa0, 0xff,
    0xa0, 0xa0, 0xa0, 0xff, 0xf8, 0xf8, 0xf8, 0xff, 0xf8, 0xf8, 0xf8, 0xff,
    0x60, 0x00, 0x00, 0xff, 0x60, 0x00, 0x00, 0xff, 0x00, 0x00, 0x00, 0x00,
    0x00, 0x00, 0x00, 0x00, 0x00, 0x00, 0x00, 0x00, 0x00, 0x00, 0x00, 0x00,
    0x00, 0x00, 0x00, 0x00, 0x00, 0x00, 0x00, 0x00, 0x00, 0x00, 0x00, 0x00,
    0x00, 0x00, 0x00, 0x00, 0x00, 0x00, 0x00, 0x00, 0x00, 0x00, 0x00, 0x00,
    0x00, 0x00, 0x00, 0x00, 0x00, 0x00, 0x00, 0x00, 0x00, 0x00, 0x00, 0x00,
    0x00, 0x00, 0x00, 0x00, 0x00, 0x00, 0x00, 0x00, 0x00, 0x00, 0x00, 0x00,
    0x00, 0x00, 0x00, 0x00, 0x00, 0x00, 0x00, 0x00, 0x00, 0x00, 0x00, 0x00,
    0x00, 0x00, 0x00, 0x00, 0x00, 0x00, 0x00, 0x00, 0x00, 0x00, 0x00, 0x00,
    0x00, 0x00, 0x00, 0x00, 0x00, 0x00, 0x00, 0x00, 0x00, 0x00, 0x00, 0x00,
    0x00, 0x00, 0x00, 0x00, 0x00, 0x00, 0x00, 0x00, 0x00, 0x00, 0x00, 0x00,
    0x00, 0x00, 0x00, 0x00, 0x00, 0x00, 0x00, 0x00, 0x00, 0x00, 0x00, 0x00,
    0x00, 0x00, 0x00, 0x00, 0x00, 0x00, 0x00, 0x00, 0x00, 0x00, 0x00, 0x00,
    0x00, 0x00, 0x00, 0x00, 0x00, 0x00, 0x00, 0x00, 0x00, 0x00, 0x00, 0x00,
    0x00, 0x00, 0x00, 0x00, 0x00, 0x00, 0x00, 0x00, 0x00, 0x00, 0x00, 0x00,
    0x00, 0x00, 0x00, 0x00, 0x00, 0x00, 0x00, 0x00, 0x00, 0x00, 0x00, 0x00,
    0x00, 0x00, 0x00, 0x00, 0x00, 0x00, 0x00, 0x00, 0x00, 0x00, 0x00, 0x00,
    0x00, 0x00, 0x00, 0x00, 0x00, 0x00, 0x00, 0x00, 0x00, 0x00, 0x00, 0x00,
    0x00, 0x00, 0x00, 0x00, 0x00, 0x00, 0x00, 0x00, 0x00, 0x00, 0x00, 0x00,
    0x00, 0x00, 0x00, 0x00, 0x00, 0x00, 0x00, 0x00, 0x00, 0x00, 0x00, 0x00,
    0x00, 0x00, 0x00, 0x00, 0x00, 0x00, 0x00, 0x00, 0x00, 0x00, 0x00, 0x00,
    0xf8, 0xf8, 0xf8, 0xff, 0xf8, 0xf8, 0xf8, 0xff, 0xf8, 0xf8, 0xf8, 0xff,
    0xf8, 0xf8, 0xf8, 0xff, 0x00, 0x00, 0x00, 0x00, 0x00, 0x00, 0x00, 0x00,
    0x60, 0x00, 0x00, 0xff, 0x60, 0x00, 0x00, 0xff, 0xa0, 0xa0, 0xa0, 0xff,
    0xa0, 0xa0, 0xa0, 0xff, 0xa0, 0xa0, 0xa0, 0xff, 0xa0, 0xa0, 0xa0, 0xff,
    0xa0, 0xa0, 0xa0, 0xff, 0xa0, 0xa0, 0xa0, 0xff, 0xa0, 0xa0, 0xa0, 0xff,
    0xa0, 0xa0, 0xa0, 0xff, 0xa0, 0xa0, 0xa0, 0xff, 0xa0, 0xa0, 0xa0, 0xff,
    0x60, 0x00, 0x00, 0xff, 0x60, 0x00, 0x00, 0xff, 0x00, 0x00, 0x00, 0x00,
    0x00, 0x00, 0x00, 0x00, 0x00, 0x00, 0x00, 0x00, 0x00, 0x00, 0x00, 0x00,
    0x00, 0x00, 0x00, 0x00, 0x00, 0x00, 0x00, 0x00, 0x00, 0x00, 0x00, 0x00,
    0x00, 0x00, 0x00, 0x00, 0x00, 0x00, 0x00, 0x00, 0x00, 0x00, 0x00, 0x00,
    0x00, 0x00, 0x00, 0x00, 0x00, 0x00, 0x00, 0x00, 0x00, 0x00, 0x00, 0x00,
    0x00, 0x00, 0x00, 0x00, 0x00, 0x00, 0x00, 0x00, 0x00, 0x00, 0x00, 0x00,
    0x00, 0x00, 0x00, 0x00, 0x00, 0x00, 0x00, 0x00, 0x00, 0x00, 0x00, 0x00,
    0x00, 0x00, 0x00, 0x00, 0x00, 0x00, 0x00, 0x00, 0x00, 0x00, 0x00, 0x00,
    0x00, 0x00, 0x00, 0x00, 0x00, 0x00, 0x00, 0x00, 0x00, 0x00, 0x00, 0x00,
    0x00, 0x00, 0x00, 0x00, 0x00, 0x00, 0x00, 0x00, 0x00, 0x00, 0x00, 0x00,
    0x00, 0x00, 0x00, 0x00, 0x00, 0x00, 0x00, 0x00, 0x00, 0x00, 0x00, 0x00,
    0x00, 0x00, 0x00, 0x00, 0x00, 0x00, 0x00, 0x00, 0x00, 0x00, 0x00, 0x00,
    0x00, 0x00, 0x00, 0x00, 0x00, 0x00, 0x00, 0x00, 0x60, 0x00, 0x00, 0xff,
    0x60, 0x00, 0x00, 0xff, 0xa0, 0xa0, 0xa0, 0xff, 0xa0, 0xa0, 0xa0, 0xff,
    0x60, 0x00, 0x00, 0xff, 0x60, 0x00, 0x00, 0xff, 0xa0, 0xa0, 0xa0, 0xff,
    0xa0, 0xa0, 0xa0, 0xff, 0xa0, 0xa0, 0xa0, 0xff, 0xa0, 0xa0, 0xa0, 0xff,
    0xf8, 0xf8, 0xf8, 0xff, 0xf8, 0xf8, 0xf8, 0xff, 0x60, 0x00, 0x00, 0xff,
    0x60, 0x00, 0x00, 0xff, 0x00, 0x00, 0x00, 0x00, 0x00, 0x00, 0x00, 0x00,
    0x00, 0x00, 0x00, 0x00, 0x00, 0x00, 0x00, 0x00, 0x00, 0x00, 0x00, 0x00,
    0x00, 0x00, 0x00, 0x00, 0x00, 0x00, 0x00, 0x00, 0x00, 0x00, 0x00, 0x00,
    0x00, 0x00, 0x00, 0x00, 0x00, 0x00, 0x00, 0x00, 0x00, 0x00, 0x00, 0x00,
    0x00, 0x00, 0x00, 0x00, 0x00, 0x00, 0x00, 0x00, 0x00, 0x00, 0x00, 0x00,
    0x00, 0x00, 0x00, 0x00, 0x00, 0x00, 0x00, 0x00, 0x00, 0x00, 0x00, 0x00,
    0x00, 0x00, 0x00, 0x00, 0x00, 0x00, 0x00, 0x00, 0x00, 0x00, 0x00, 0x00,
    0x00, 0x00, 0x00, 0x00, 0x00, 0x00, 0x00, 0x00, 0x00, 0x00, 0x00, 0x00,
    0x00, 0x00, 0x00, 0x00, 0x00, 0x00, 0x00, 0x00, 0x00, 0x00, 0x00, 0x00,
    0x00, 0x00, 0x00, 0x00, 0x00, 0x00, 0x00, 0x00, 0x00, 0x00, 0x00, 0x00,
    0x00, 0x00, 0x00, 0x00, 0x00, 0x00, 0x00, 0x00, 0x00, 0x00, 0x00, 0x00,
    0x00, 0x00, 0x00, 0x00, 0x00, 0x00, 0x00, 0x00, 0x00, 0x00, 0x00, 0x00,
    0x00, 0x00, 0x00, 0x00, 0x00, 0x00, 0x00, 0x00, 0x00, 0x00, 0x00, 0x00,
    0x00, 0x00, 0x00, 0x00, 0x00, 0x00, 0x00, 0x00, 0x00, 0x00, 0x00, 0x00,
    0x00, 0x00, 0x00, 0x00, 0x00, 0x00, 0x00, 0x00, 0x00, 0x00, 0x00, 0x00,
    0x00, 0x00, 0x00, 0x00, 0x00, 0x00, 0x00, 0x00, 0x00, 0x00, 0x00, 0x00,
    0x00, 0x00, 0x00, 0x00, 0x00, 0x00, 0x00, 0x00, 0x00, 0x00, 0x00, 0x00,
    0x00, 0x00, 0x00, 0x00, 0x00, 0x00, 0x00, 0x00, 0x00, 0x00, 0x00, 0x00,
    0x00, 0x00, 0x00, 0x00, 0x00, 0x00, 0x00, 0x00, 0x00, 0x00, 0x00, 0x00,
    0x00, 0x00, 0x00, 0x00, 0x00, 0x00, 0x00, 0x00, 0xf8, 0xf8, 0xf8, 0xff,
    0xf8, 0xf8, 0xf8, 0xff, 0xf8, 0xf8, 0xf8, 0xff, 0xf8, 0xf8, 0xf8, 0xff,
    0x00, 0x00, 0x00, 0x00, 0x00, 0x00, 0x00, 0x00, 0x60, 0x00, 0x00, 0xff,
    0x60, 0x00, 0x00, 0xff, 0x60, 0x00, 0x00, 0xff, 0x60, 0x00, 0x00, 0xff,
    0xa0, 0xa0, 0xa0, 0xff, 0xa0, 0xa0, 0xa0, 0xff, 0xa0, 0xa0, 0xa0, 0xff,
    0xa0, 0xa0, 0xa0, 0xff, 0xa0, 0xa0, 0xa0, 0xff, 0xa0, 0xa0, 0xa0, 0xff,
    0x80, 0x80, 0x80, 0xff, 0x80, 0x80, 0x80, 0xff, 0x60, 0x00, 0x00, 0xff,
    0x60, 0x00, 0x00, 0xff, 0x00, 0x00, 0x00, 0x00, 0x00, 0x00, 0x00, 0x00,
    0x00, 0x00, 0x00, 0x00, 0x00, 0x00, 0x00, 0x00, 0x00, 0x00, 0x00, 0x00,
    0x00, 0x00, 0x00, 0x00, 0x00, 0x00, 0x00, 0x00, 0x00, 0x00, 0x00, 0x00,
    0x00, 0x00, 0x00, 0x00, 0x00, 0x00, 0x00, 0x00, 0x00, 0x00, 0x00, 0x00,
    0x00, 0x00, 0x00, 0x00, 0x00, 0x00, 0x00, 0x00, 0x00, 0x00, 0x00, 0x00,
    0x00, 0x00, 0x00, 0x00, 0x00, 0x00, 0x00, 0x00, 0x00, 0x00, 0x00, 0x00,
    0x00, 0x00, 0x00, 0x00, 0x00, 0x00, 0x00, 0x00, 0x00, 0x00, 0x00, 0x00,
    0x00, 0x00, 0x00, 0x00, 0x00, 0x00, 0x00, 0x00, 0x00, 0x00, 0x00, 0x00,
    0x00, 0x00, 0x00, 0x00, 0x00, 0x00, 0x00, 0x00, 0x00, 0x00, 0x00, 0x00,
    0x00, 0x00, 0x00, 0x00, 0x00, 0x00, 0x00, 0x00, 0x00, 0x00, 0x00, 0x00,
    0x00, 0x00, 0x00, 0x00, 0x00, 0x00, 0x00, 0x00, 0x00, 0x00, 0x00, 0x00,
    0x00, 0x00, 0x00, 0x00, 0x00, 0x00, 0x00, 0x00, 0x00, 0x00, 0x00, 0x00,
    0x00, 0x00, 0x00, 0x00, 0x60, 0x00, 0x00, 0xff, 0x60, 0x00, 0x00, 0xff,
    0xa0, 0xa0, 0xa0, 0xff, 0xa0, 0xa0, 0xa0, 0xff, 0x60, 0x00, 0x00, 0xff,
    0x60, 0x00, 0x00, 0xff, 0xa0, 0xa0, 0xa0, 0xff, 0xa0, 0xa0, 0xa0, 0xff,
    0xa0, 0xa0, 0xa0, 0xff, 0xa0, 0xa0, 0xa0, 0xff, 0xf8, 0xf8, 0xf8, 0xff,
    0xf8, 0xf8, 0xf8, 0xff, 0x60, 0x00, 0x00, 0xff, 0x60, 0x00, 0x00, 0xff,
    0x00, 0x00, 0x00, 0x00, 0x00, 0x00, 0x00, 0x00, 0x00, 0x00, 0x00, 0x00,
    0x00, 0x00, 0x00, 0x00, 0x00, 0x00, 0x00, 0x00, 0x00, 0x00, 0x00, 0x00,
    0x00, 0x00, 0x00, 0x00, 0x00, 0x00, 0x00, 0x00, 0x00, 0x00, 0x00, 0x00,
    0x00, 0x00, 0x00, 0x00, 0x00, 0x00, 0x00, 0x00, 0x00, 0x00, 0x00, 0x00,
    0x00, 0x00, 0x00, 0x00, 0x00, 0x00, 0x00, 0x00, 0x00, 0x00, 0x00, 0x00,
    0x00, 0x00, 0x00, 0x00, 0x00, 0x00, 0x00, 0x00, 0x00, 0x00, 0x00, 0x00,
    0x00, 0x00, 0x00, 0x00, 0x00, 0x00, 0x00, 0x00, 0x00, 0x00, 0x00, 0x00,
    0x00, 0x00, 0x00, 0x00, 0x00, 0x00, 0x00, 0x00, 0x00, 0x00, 0x00, 0x00,
    0x00, 0x00, 0x00, 0x00, 0x00, 0x00, 0x00, 0x00, 0x00, 0x00, 0x00, 0x00,
    0x00, 0x00, 0x00, 0x00, 0x00, 0x00, 0x00, 0x00, 0x00, 0x00, 0x00, 0x00,
    0x00, 0x00, 0x00, 0x00, 0x00, 0x00, 0x00, 0x00, 0x00, 0x00, 0x00, 0x00,
    0x00, 0x00, 0x00, 0x00, 0x00, 0x00, 0x00, 0x00, 0x00, 0x00, 0x00, 0x00,
    0x00, 0x00, 0x00, 0x00, 0x00, 0x00, 0x00, 0x00, 0x00, 0x00, 0x00, 0x00,
    0x00, 0x00, 0x00, 0x00, 0x00, 0x00, 0x00, 0x00, 0x00, 0x00, 0x00, 0x00,
    0x00, 0x00, 0x00, 0x00, 0x00, 0x00, 0x00, 0x00, 0x00, 0x00, 0x00, 0x00,
    0x00, 0x00, 0x00, 0x00, 0x00, 0x00, 0x00, 0x00, 0x00, 0x00, 0x00, 0x00,
    0x00, 0x00, 0x00, 0x00, 0x00, 0x00, 0x00, 0x00, 0x00, 0x00, 0x00, 0x00,
    0x00, 0x00, 0x00, 0x00, 0x00, 0x00, 0x00, 0x00, 0x00, 0x00, 0x00, 0x00,
    0x00, 0x00, 0x00, 0x00, 0x00, 0x00, 0x00, 0x00, 0x00, 0x00, 0x00, 0x00,
    0x00, 0x00, 0x00, 0x00, 0xf8, 0xf8, 0xf8, 0xff, 0xf8, 0xf8, 0xf8, 0xff,
    0xf8, 0xf8, 0xf8, 0xff, 0xf8, 0xf8, 0xf8, 0xff, 0x00, 0x00, 0x00, 0x00,
    0x00, 0x00, 0x00, 0x00, 0x60, 0x00, 0x00, 0xff, 0x60, 0x00, 0x00, 0xff,
    0x60, 0x00, 0x00, 0xff, 0x60, 0x00, 0x00, 0xff, 0xa0, 0xa0, 0xa0, 0xff,
    0xa0, 0xa0, 0xa0, 0xff, 0xa0, 0xa0, 0xa0, 0xff, 0xa0, 0xa0, 0xa0, 0xff,
    0xa0, 0xa0, 0xa0, 0xff, 0xa0, 0xa0, 0xa0, 0xff, 0x80, 0x80, 0x80, 0xff,
    0x80, 0x80, 0x80, 0xff, 0x60, 0x00, 0x00, 0xff, 0x60, 0x00, 0x00, 0xff,
    0x00, 0x00, 0x00, 0x00, 0x00, 0x00, 0x00, 0x00, 0x00, 0x00, 0x00, 0x00,
    0x00, 0x00, 0x00, 0x00, 0x00, 0x00, 0x00, 0x00, 0x00, 0x00, 0x00, 0x00,
    0x00, 0x00, 0x00, 0x00, 0x00, 0x00, 0x00, 0x00, 0x00, 0x00, 0x00, 0x00,
    0x00, 0x00, 0x00, 0x00, 0x00, 0x00, 0x00, 0x00, 0x00, 0x00, 0x00, 0x00,
    0x00, 0x00, 0x00, 0x00, 0x00, 0x00, 0x00, 0x00, 0x00, 0x00, 0x00, 0x00,
    0x00, 0x00, 0x00, 0x00, 0x00, 0x00, 0x00, 0x00, 0x00, 0x00, 0x00, 0x00,
    0x00, 0x00, 0x00, 0x00, 0x00, 0x00, 0x00, 0x00, 0x00, 0x00, 0x00, 0x00,
    0x00, 0x00, 0x00, 0x00, 0x00, 0x00, 0x00, 0x00, 0x00, 0x00, 0x00, 0x00,
    0x00, 0x00, 0x00, 0x00, 0x00, 0x00, 0x00, 0x00, 0x00, 0x00, 0x00, 0x00,
    0x00, 0x00, 0x00, 0x00, 0x00, 0x00, 0x00, 0x00, 0x00, 0x00, 0x00, 0x00,
    0x00, 0x00, 0x00, 0x00, 0x00, 0x00, 0x00, 0x00, 0x00, 0x00, 0x00, 0x00,
    0x00, 0x00, 0x00, 0x00, 0x00, 0x00, 0x00, 0x00, 0x00, 0x00, 0x00, 0x00,
    0x60, 0x00, 0x00, 0xff, 0x60, 0x00, 0x00, 0xff, 0x80, 0x80, 0x80, 0xff,
    0x80, 0x80, 0x80, 0xff, 0x60, 0x00, 0x00, 0xff, 0x60, 0x00, 0x00, 0xff,
    0xa0, 0xa0, 0xa0, 0xff, 0xa0, 0xa0, 0xa0, 0xff, 0xa0, 0xa0, 0xa0, 0xff,
    0xa0, 0xa0, 0xa0, 0xff, 0xf8, 0xf8, 0xf8, 0xff, 0xf8, 0xf8, 0xf8, 0xff,
    0x60, 0x00, 0x00, 0xff, 0x60, 0x00, 0x00, 0xff, 0x00, 0x00, 0x00, 0x00,
    0x00, 0x00, 0x00, 0x00, 0x00, 0x00, 0x00, 0x00, 0x00, 0x00, 0x00, 0x00,
    0x00, 0x00, 0x00, 0x00, 0x00, 0x00, 0x00, 0x00, 0x00, 0x00, 0x00, 0x00,
    0x00, 0x00, 0x00, 0x00, 0x00, 0x00, 0x00, 0x00, 0x00, 0x00, 0x00, 0x00,
    0x00, 0x00, 0x00, 0x00, 0x00, 0x00, 0x00, 0x00, 0x00, 0x00, 0x00, 0x00,
    0x00, 0x00, 0x00, 0x00, 0x00, 0x00, 0x00, 0x00, 0x00, 0x00, 0x00, 0x00,
    0x00, 0x00, 0x00, 0x00, 0x00, 0x00, 0x00, 0x00, 0x00, 0x00, 0x00, 0x00,
    0x00, 0x00, 0x00, 0x00, 0x00, 0x00, 0x00, 0x00, 0x00, 0x00, 0x00, 0x00,
    0x00, 0x00, 0x00, 0x00, 0x00, 0x00, 0x00, 0x00, 0x00, 0x00, 0x00, 0x00,
    0x00, 0x00, 0x00, 0x00, 0x00, 0x00, 0x00, 0x00, 0x00, 0x00, 0x00, 0x00,
    0x00, 0x00, 0x00, 0x00, 0x00, 0x00, 0x00, 0x00, 0x00, 0x00, 0x00, 0x00,
    0x00, 0x00, 0x00, 0x00, 0x00, 0x00, 0x00, 0x00, 0x00, 0x00, 0x00, 0x00,
    0x00, 0x00, 0x00, 0x00, 0x00, 0x00, 0x00, 0x00, 0x00, 0x00, 0x00, 0x00,
    0x00, 0x00, 0x00, 0x00, 0x00, 0x00, 0x00, 0x00, 0x00, 0x00, 0x00, 0x00,
    0x00, 0x00, 0x00, 0x00, 0x00, 0x00, 0x00, 0x00, 0x00, 0x00, 0x00, 0x00,
    0x00, 0x00, 0x00, 0x00, 0x00, 0x00, 0x00, 0x00, 0x00, 0x00, 0x00, 0x00,
    0x00, 0x00, 0x00, 0x00, 0x00, 0x00, 0x00, 0x00, 0x00, 0x00, 0x00, 0x00,
    0x00, 0x00, 0x00, 0x00, 0x00, 0x00, 0x00, 0x00, 0x00, 0x00, 0x00, 0x00,
    0x00, 0x00, 0x00, 0x00, 0x00, 0x00, 0x00, 0x00, 0x00, 0x00, 0x00, 0x00,
    0x00, 0x00, 0x00, 0x00, 0x00, 0x00, 0x00, 0x00, 0x00, 0x00, 0x00, 0x00,
    0xf8, 0xf8, 0xf8, 0xff, 0xf8, 0xf8, 0xf8, 0xff, 0xf8, 0xf8, 0xf8, 0xff,
    0xf8, 0xf8, 0xf8, 0xff, 0x00, 0x00, 0x00, 0x00, 0x00, 0x00, 0x00, 0x00,
    0x60, 0x00, 0x00, 0xff, 0x60, 0x00, 0x00, 0xff, 0x60, 0x00, 0x00, 0xff,
    0x60, 0x00, 0x00, 0xff, 0xa0, 0xa0, 0xa0, 0xff, 0xa0, 0xa0, 0xa0, 0xff,
    0xa0, 0xa0, 0xa0, 0xff, 0xa0, 0xa0, 0xa0, 0xff, 0xa0, 0xa0, 0xa0, 0xff,
    0xa0, 0xa0, 0xa0, 0xff, 0x80, 0x80, 0x80, 0xff, 0x80, 0x80, 0x80, 0xff,
    0x60, 0x00, 0x00, 0xff, 0x60, 0x00, 0x00, 0xff, 0x00, 0x00, 0x00, 0x00,
    0x00, 0x00, 0x00, 0x00, 0x00, 0x00, 0x00, 0x00, 0x00, 0x00, 0x00, 0x00,
    0x00, 0x00, 0x00, 0x00, 0x00, 0x00, 0x00, 0x00, 0x00, 0x00, 0x00, 0x00,
    0x00, 0x00, 0x00, 0x00, 0x00, 0x00, 0x00, 0x00, 0x00, 0x00, 0x00, 0x00,
    0x00, 0x00, 0x00, 0x00, 0x00, 0x00, 0x00, 0x00, 0x00, 0x00, 0x00, 0x00,
    0x00, 0x00, 0x00, 0x00, 0x00, 0x00, 0x00, 0x00, 0x00, 0x00, 0x00, 0x00,
    0x00, 0x00, 0x00, 0x00, 0x00, 0x00, 0x00, 0x00, 0x00, 0x00, 0x00, 0x00,
    0x00, 0x00, 0x00, 0x00, 0x00, 0x00, 0x00, 0x00, 0x00, 0x00, 0x00, 0x00,
    0x00, 0x00, 0x00, 0x00, 0x00, 0x00, 0x00, 0x00, 0x00, 0x00, 0x00, 0x00,
    0x00, 0x00, 0x00, 0x00, 0x00, 0x00, 0x00, 0x00, 0x00, 0x00, 0x00, 0x00,
    0x00, 0x00, 0x00, 0x00, 0x00, 0x00, 0x00, 0x00, 0x00, 0x00, 0x00, 0x00,
    0x00, 0x00, 0x00, 0x00, 0x00, 0x00, 0x00, 0x00, 0x00, 0x00, 0x00, 0x00,
    0x00, 0x00, 0x00, 0x00, 0x00, 0x00, 0x00, 0x00, 0x60, 0x00, 0x00, 0xff,
    0x60, 0x00, 0x00, 0xff, 0x80, 0x80, 0x80, 0xff, 0x80, 0x80, 0x80, 0xff,
    0x60, 0x00, 0x00, 0xff, 0x60, 0x00, 0x00, 0xff, 0xa0, 0xa0, 0xa0, 0xff,
    0xa0, 0xa0, 0xa0, 0xff, 0xa0, 0xa0, 0xa0, 0xff, 0xa0, 0xa0, 0xa0, 0xff,
    0xf8, 0xf8, 0xf8, 0xff, 0xf8, 0xf8, 0xf8, 0xff, 0x60, 0x00, 0x00, 0xff,
    0x60, 0x00, 0x00, 0xff, 0x00, 0x00, 0x00, 0x00, 0x00, 0x00, 0x00, 0x00,
    0x00, 0x00, 0x00, 0x00, 0x00, 0x00, 0x00, 0x00, 0x00, 0x00, 0x00, 0x00,
    0x00, 0x00, 0x00, 0x00, 0x00, 0x00, 0x00, 0x00, 0x00, 0x00, 0x00, 0x00,
    0x00, 0x00, 0x00, 0x00, 0x00, 0x00, 0x00, 0x00, 0x00, 0x00, 0x00, 0x00,
    0x00, 0x00, 0x00, 0x00, 0x00, 0x00, 0x00, 0x00, 0x00, 0x00, 0x00, 0x00,
    0x00, 0x00, 0x00, 0x00, 0x00, 0x00, 0x00, 0x00, 0x00, 0x00, 0x00, 0x00,
    0x00, 0x00, 0x00, 0x00, 0x00, 0x00, 0x00, 0x00, 0x00, 0x00, 0x00, 0x00,
    0x00, 0x00, 0x00, 0x00, 0x00, 0x00, 0x00, 0x00, 0x00, 0x00, 0x00, 0x00,
    0x00, 0x00, 0x00, 0x00, 0x00, 0x00, 0x00, 0x00, 0x00, 0x00, 0x00, 0x00,
    0x00, 0x00, 0x00, 0x00, 0x00, 0x00, 0x00, 0x00, 0x00, 0x00, 0x00, 0x00,
    0x00, 0x00, 0x00, 0x00, 0x00, 0x00, 0x00, 0x00, 0x00, 0x00, 0x00, 0x00,
    0x00, 0x00, 0x00, 0x00, 0x00, 0x00, 0x00, 0x00, 0x00, 0x00, 0x00, 0x00,
    0x00, 0x00, 0x00, 0x00, 0x00, 0x00, 0x00, 0x00, 0x00, 0x00, 0x00, 0x00,
    0x00, 0x00, 0x00, 0x00, 0x00, 0x00, 0x00, 0x00, 0x00, 0x00, 0x00, 0x00,
    0x00, 0x00, 0x00, 0x00, 0x00, 0x00, 0x00, 0x00, 0x00, 0x00, 0x00, 0x00,
    0x00, 0x00, 0x00, 0x00, 0x00, 0x00, 0x00, 0x00, 0x00, 0x00, 0x00, 0x00,
    0x00, 0x00, 0x00, 0x00, 0x00, 0x00, 0x00, 0x00, 0x00, 0x00, 0x00, 0x00,
    0x00, 0x00, 0x00, 0x00, 0x00, 0x00, 0x00, 0x00, 0x00, 0x00, 0x00, 0x00,
    0x00, 0x00, 0x00, 0x00, 0x00, 0x00, 0x00, 0x00, 0x00, 0x00, 0x00, 0x00,
    0x00, 0x00, 0x00, 0x00, 0x00, 0x00, 0x00, 0x00, 0xf8, 0xf8, 0xf8, 0xff,
    0xf8, 0xf8, 0xf8, 0xff, 0xf8, 0xf8, 0xf8, 0xff, 0xf8, 0xf8, 0xf8, 0xff,
    0x00, 0x00, 0x00, 0x00, 0x00, 0x00, 0x00, 0x00, 0x60, 0x00, 0x00, 0xff,
    0x60, 0x00, 0x00, 0xff, 0x60, 0x00, 0x00, 0xff, 0x60, 0x00, 0x00, 0xff,
    0xa0, 0xa0, 0xa0, 0xff, 0xa0, 0xa0, 0xa0, 0xff, 0xa0, 0xa0, 0xa0, 0xff,
    0xa0, 0xa0, 0xa0, 0xff, 0xa0, 0xa0, 0xa0, 0xff, 0xa0, 0xa0, 0xa0, 0xff,
    0x80, 0x80, 0x80, 0xff, 0x80, 0x80, 0x80, 0xff, 0x60, 0x00, 0x00, 0xff,
    0x60, 0x00, 0x00, 0xff, 0x00, 0x00, 0x00, 0x00, 0x00, 0x00, 0x00, 0x00,
    0x00, 0x00, 0x00, 0x00, 0x00, 0x00, 0x00, 0x00, 0x00, 0x00, 0x00, 0x00,
    0x00, 0x00, 0x00, 0x00, 0x00, 0x00, 0x00, 0x00, 0x00, 0x00, 0x00, 0x00,
    0x00, 0x00, 0x00, 0x00, 0x00, 0x00, 0x00, 0x00, 0x00, 0x00, 0x00, 0x00,
    0x00, 0x00, 0x00, 0x00, 0x00, 0x00, 0x00, 0x00, 0x00, 0x00, 0x00, 0x00,
    0x00, 0x00, 0x00, 0x00, 0x00, 0x00, 0x00, 0x00, 0x00, 0x00, 0x00, 0x00,
    0x00, 0x00, 0x00, 0x00, 0x00, 0x00, 0x00, 0x00, 0x00, 0x00, 0x00, 0x00,
    0x00, 0x00, 0x00, 0x00, 0x00, 0x00, 0x00, 0x00, 0x00, 0x00, 0x00, 0x00,
    0x00, 0x00, 0x00, 0x00, 0x00, 0x00, 0x00, 0x00, 0x00, 0x00, 0x00, 0x00,
    0x00, 0x00, 0x00, 0x00, 0x00, 0x00, 0x00, 0x00, 0x00, 0x00, 0x00, 0x00,
    0x00, 0x00, 0x00, 0x00, 0x00, 0x00, 0x00, 0x00, 0x00, 0x00, 0x00, 0x00,
    0x00, 0x00, 0x00, 0x00, 0x00, 0x00, 0x00, 0x00, 0x00, 0x00, 0x00, 0x00,
    0x00, 0x00, 0x00, 0x00, 0x60, 0x00, 0x00, 0xff, 0x60, 0x00, 0x00, 0xff,
    0x80, 0x80, 0x80, 0xff, 0x80, 0x80, 0x80, 0xff, 0x60, 0x00, 0x00, 0xff,
    0x60, 0x00, 0x00, 0xff, 0xa0, 0xa0, 0xa0, 0xff, 0xa0, 0xa0, 0xa0, 0xff,
    0xa0, 0xa0, 0xa0, 0xff, 0xa0, 0xa0, 0xa0, 0xff, 0xf8, 0xf8, 0xf8, 0xff,
    0xf8, 0xf8, 0xf8, 0xff, 0x60, 0x00, 0x00, 0xff, 0x60, 0x00, 0x00, 0xff,
    0x00, 0x00, 0x00, 0x00, 0x00, 0x00, 0x00, 0x00, 0x00, 0x00, 0x00, 0x00,
    0x00, 0x00, 0x00, 0x00, 0x00, 0x00, 0x00, 0x00, 0x00, 0x00, 0x00, 0x00,
    0x00, 0x00, 0x00, 0x00, 0x00, 0x00, 0x00, 0x00, 0x00, 0x00, 0x00, 0x00,
    0x00, 0x00, 0x00, 0x00, 0x00, 0x00, 0x00, 0x00, 0x00, 0x00, 0x00, 0x00,
    0x00, 0x00, 0x00, 0x00, 0x00, 0x00, 0x00, 0x00, 0x00, 0x00, 0x00, 0x00,
    0x00, 0x00, 0x00, 0x00, 0x00, 0x00, 0x00, 0x00, 0x00, 0x00, 0x00, 0x00,
    0x00, 0x00, 0x00, 0x00, 0x00, 0x00, 0x00, 0x00, 0x00, 0x00, 0x00, 0x00,
    0x00, 0x00, 0x00, 0x00, 0x00, 0x00, 0x00, 0x00, 0x00, 0x00, 0x00, 0x00,
    0x00, 0x00, 0x00, 0x00, 0x00, 0x00, 0x00, 0x00, 0x00, 0x00, 0x00, 0x00,
    0x00, 0x00, 0x00, 0x00, 0x00, 0x00, 0x00, 0x00, 0x00, 0x00, 0x00, 0x00,
    0x00, 0x00, 0x00, 0x00, 0x00, 0x00, 0x00, 0x00, 0x00, 0x00, 0x00, 0x00,
    0x00, 0x00, 0x00, 0x00, 0x00, 0x00, 0x00, 0x00, 0x00, 0x00, 0x00, 0x00,
    0x00, 0x00, 0x00, 0x00, 0x00, 0x00, 0x00, 0x00, 0x00, 0x00, 0x00, 0x00,
    0x00, 0x00, 0x00, 0x00, 0x00, 0x00, 0x00, 0x00, 0x00, 0x00, 0x00, 0x00,
    0x00, 0x00, 0x00, 0x00, 0x00, 0x00, 0x00, 0x00, 0x00, 0x00, 0x00, 0x00,
    0x00, 0x00, 0x00, 0x00, 0x00, 0x00, 0x00, 0x00, 0x00, 0x00, 0x00, 0x00,
    0x00, 0x00, 0x00, 0x00, 0x00, 0x00, 0x00, 0x00, 0x00, 0x00, 0x00, 0x00,
    0x00, 0x00, 0x00, 0x00, 0x00, 0x00, 0x00, 0x00, 0x00, 0x00, 0x00, 0x00,
    0x00, 0x00, 0x00, 0x00, 0x00, 0x00, 0x00, 0x00, 0x00, 0x00, 0x00, 0x00,
    0x00, 0x00, 0x00, 0x00, 0xf8, 0xf8, 0xf8, 0xff, 0xf8, 0xf8, 0xf8, 0xff,
    0xf8, 0xf8, 0xf8, 0xff, 0xf8, 0xf8, 0xf8, 0xff, 0x00, 0x00, 0x00, 0x00,
    0x00, 0x00, 0x00, 0x00, 0x60, 0x00, 0x00, 0xff, 0x60, 0x00, 0x00, 0xff,
    0x80, 0x80, 0x80, 0xff, 0x80, 0x80, 0x80, 0xff, 0x60, 0x00, 0x00, 0xff,
    0x60, 0x00, 0x00, 0xff, 0x60, 0x00, 0x00, 0xff, 0x60, 0x00, 0x00, 0xff,
    0x60, 0x00, 0x00, 0xff, 0x60, 0x00, 0x00, 0xff, 0x80, 0x80, 0x80, 0xff,
    0x80, 0x80, 0x80, 0xff, 0x60, 0x00, 0x00, 0xff, 0x60, 0x00, 0x00, 0xff,
    0x00, 0x00, 0x00, 0x00, 0x00, 0x00, 0x00, 0x00, 0x00, 0x00, 0x00, 0x00,
    0x00, 0x00, 0x00, 0x00, 0x00, 0x00, 0x00, 0x00, 0x00, 0x00, 0x00, 0x00,
    0x00, 0x00, 0x00, 0x00, 0x00, 0x00, 0x00, 0x00, 0x00, 0x00, 0x00, 0x00,
    0x00, 0x00, 0x00, 0x00, 0x00, 0x00, 0x00, 0x00, 0x00, 0x00, 0x00, 0x00,
    0x00, 0x00, 0x00, 0x00, 0x00, 0x00, 0x00, 0x00, 0x00, 0x00, 0x00, 0x00,
    0x00, 0x00, 0x00, 0x00, 0x00, 0x00, 0x00, 0x00, 0x00, 0x00, 0x00, 0x00,
    0x00, 0x00, 0x00, 0x00, 0x00, 0x00, 0x00, 0x00, 0x00, 0x00, 0x00, 0x00,
    0x00, 0x00, 0x00, 0x00, 0x00, 0x00, 0x00, 0x00, 0x00, 0x00, 0x00, 0x00,
    0x00, 0x00, 0x00, 0x00, 0x00, 0x00, 0x00, 0x00, 0x00, 0x00, 0x00, 0x00,
    0x00, 0x00, 0x00, 0x00, 0x00, 0x00, 0x00, 0x00, 0x00, 0x00, 0x00, 0x00,
    0x00, 0x00, 0x00, 0x00, 0x00, 0x00, 0x00, 0x00, 0x00, 0x00, 0x00, 0x00,
    0x00, 0x00, 0x00, 0x00, 0x00, 0x00, 0x00, 0x00, 0x00, 0x00, 0x00, 0x00,
    0x60, 0x00, 0x00, 0xff, 0x60, 0x00, 0x00, 0xff, 0x80, 0x80, 0x80, 0xff,
    0x80, 0x80, 0x80, 0xff, 0x60, 0x00, 0x00, 0xff, 0x60, 0x00, 0x00, 0xff,
    0xa0, 0xa0, 0xa0, 0xff, 0xa0, 0xa0, 0xa0, 0xff, 0xa0, 0xa0, 0xa0, 0xff,
    0xa0, 0xa0, 0xa0, 0xff, 0xf8, 0xf8, 0xf8, 0xff, 0xf8, 0xf8, 0xf8, 0xff,
    0x60, 0x00, 0x00, 0xff, 0x60, 0x00, 0x00, 0xff, 0x00, 0x00, 0x00, 0x00,
    0x00, 0x00, 0x00, 0x00, 0x00, 0x00, 0x00, 0x00, 0x00, 0x00, 0x00, 0x00,
    0x00, 0x00, 0x00, 0x00, 0x00, 0x00, 0x00, 0x00, 0x00, 0x00, 0x00, 0x00,
    0x00, 0x00, 0x00, 0x00, 0x00, 0x00, 0x00, 0x00, 0x00, 0x00, 0x00, 0x00,
    0x00, 0x00, 0x00, 0x00, 0x00, 0x00, 0x00, 0x00, 0x00, 0x00, 0x00, 0x00,
    0x00, 0x00, 0x00, 0x00, 0x00, 0x00, 0x00, 0x00, 0x00, 0x00, 0x00, 0x00,
    0x00, 0x00, 0x00, 0x00, 0x00, 0x00, 0x00, 0x00, 0x00, 0x00, 0x00, 0x00,
    0x00, 0x00, 0x00, 0x00, 0x00, 0x00, 0x00, 0x00, 0x00, 0x00, 0x00, 0x00,
    0x00, 0x00, 0x00, 0x00, 0x00, 0x00, 0x00, 0x00, 0x00, 0x00, 0x00, 0x00,
    0x00, 0x00, 0x00, 0x00, 0x00, 0x00, 0x00, 0x00, 0x00, 0x00, 0x00, 0x00,
    0x00, 0x00, 0x00, 0x00, 0x00, 0x00, 0x00, 0x00, 0x00, 0x00, 0x00, 0x00,
    0x00, 0x00, 0x00, 0x00, 0x00, 0x00, 0x00, 0x00, 0x00, 0x00, 0x00, 0x00,
    0x00, 0x00, 0x00, 0x00, 0x00, 0x00, 0x00, 0x00, 0x00, 0x00, 0x00, 0x00,
    0x00, 0x00, 0x00, 0x00, 0x00, 0x00, 0x00, 0x00, 0x00, 0x00, 0x00, 0x00,
    0x00, 0x00, 0x00, 0x00, 0x00, 0x00, 0x00, 0x00, 0x00, 0x00, 0x00, 0x00,
    0x00, 0x00, 0x00, 0x00, 0x00, 0x00, 0x00, 0x00, 0x00, 0x00, 0x00, 0x00,
    0x00, 0x00, 0x00, 0x00, 0x00, 0x00, 0x00, 0x00, 0x00, 0x00, 0x00, 0x00,
    0x00, 0x00, 0x00, 0x00, 0x00, 0x00, 0x00, 0x00, 0x00, 0x00, 0x00, 0x00,
    0x00, 0x00, 0x00, 0x00, 0x00, 0x00, 0x00, 0x00, 0x00, 0x00, 0x00, 0x00,
    0x00, 0x00, 0x00, 0x00, 0x00, 0x00, 0x00, 0x00, 0x00, 0x00, 0x00, 0x00,
    0xf8, 0xf8, 0xf8, 0xff, 0xf8, 0xf8, 0xf8, 0xff, 0xf8, 0xf8, 0xf8, 0xff,
    0xf8, 0xf8, 0xf8, 0xff, 0x00, 0x00, 0x00, 0x00, 0x00, 0x00, 0x00, 0x00,
    0x60, 0x00, 0x00, 0xff, 0x60, 0x00, 0x00, 0xff, 0x80, 0x80, 0x80, 0xff,
    0x80, 0x80, 0x80, 0xff, 0x60, 0x00, 0x00, 0xff, 0x60, 0x00, 0x00, 0xff,
    0x60, 0x00, 0x00, 0xff, 0x60, 0x00, 0x00, 0xff, 0x60, 0x00, 0x00, 0xff,
    0x60, 0x00, 0x00, 0xff, 0x80, 0x80, 0x80, 0xff, 0x80, 0x80, 0x80, 0xff,
    0x60, 0x00, 0x00, 0xff, 0x60, 0x00, 0x00, 0xff, 0x00, 0x00, 0x00, 0x00,
    0x00, 0x00, 0x00, 0x00, 0x00, 0x00, 0x00, 0x00, 0x00, 0x00, 0x00, 0x00,
    0x00, 0x00, 0x00, 0x00, 0x00, 0x00, 0x00, 0x00, 0x00, 0x00, 0x00, 0x00,
    0x00, 0x00, 0x00, 0x00, 0x00, 0x00, 0x00, 0x00, 0x00, 0x00, 0x00, 0x00,
    0x00, 0x00, 0x00, 0x00, 0x00, 0x00, 0x00, 0x00, 0x00, 0x00, 0x00, 0x00,
    0x00, 0x00, 0x00, 0x00, 0x00, 0x00, 0x00, 0x00, 0x00, 0x00, 0x00, 0x00,
    0x00, 0x00, 0x00, 0x00, 0x00, 0x00, 0x00, 0x00, 0x00, 0x00, 0x00, 0x00,
    0x00, 0x00, 0x00, 0x00, 0x00, 0x00, 0x00, 0x00, 0x00, 0x00, 0x00, 0x00,
    0x00, 0x00, 0x00, 0x00, 0x00, 0x00, 0x00, 0x00, 0x00, 0x00, 0x00, 0x00,
    0x00, 0x00, 0x00, 0x00, 0x00, 0x00, 0x00, 0x00, 0x00, 0x00, 0x00, 0x00,
    0x00, 0x00, 0x00, 0x00, 0x00, 0x00, 0x00, 0x00, 0x00, 0x00, 0x00, 0x00,
    0x00, 0x00, 0x00, 0x00, 0x00, 0x00, 0x00, 0x00, 0x00, 0x00, 0x00, 0x00,
    0x00, 0x00, 0x00, 0x00, 0x00, 0x00, 0x00, 0x00, 0x00, 0x00, 0x00, 0x00,
    0x00, 0x00, 0x00, 0x00, 0x60, 0x00, 0x00, 0xff, 0x60, 0x00, 0x00, 0xff,
    0x60, 0x00, 0x00, 0xff, 0x60, 0x00, 0x00, 0xff, 0xa0, 0xa0, 0xa0, 0xff,
    0xa0, 0xa0, 0xa0, 0xff, 0xa0, 0xa0, 0xa0, 0xff, 0xa0, 0xa0, 0xa0, 0xff,
    0xf8, 0xf8, 0xf8, 0xff, 0xf8, 0xf8, 0xf8, 0xff, 0x60, 0x00, 0x00, 0xff,
    0x60, 0x00, 0x00, 0xff, 0x00, 0x00, 0x00, 0x00, 0x00, 0x00, 0x00, 0x00,
    0x00, 0x00, 0x00, 0x00, 0x00, 0x00, 0x00, 0x00, 0x00, 0x00, 0x00, 0x00,
    0x00, 0x00, 0x00, 0x00, 0x00, 0x00, 0x00, 0x00, 0x00, 0x00, 0x00, 0x00,
    0x00, 0x00, 0x00, 0x00, 0x00, 0x00, 0x00, 0x00, 0x00, 0x00, 0x00, 0x00,
    0x00, 0x00, 0x00, 0x00, 0x00, 0x00, 0x00, 0x00, 0x00, 0x00, 0x00, 0x00,
    0x00, 0x00, 0x00, 0x00, 0x00, 0x00, 0x00, 0x00, 0x00, 0x00, 0x00, 0x00,
    0x00, 0x00, 0x00, 0x00, 0x00, 0x00, 0x00, 0x00, 0x00, 0x00, 0x00, 0x00,
    0x00, 0x00, 0x00, 0x00, 0x00, 0x00, 0x00, 0x00, 0x00, 0x00, 0x00, 0x00,
    0x00, 0x00, 0x00, 0x00, 0x00, 0x00, 0x00, 0x00, 0x00, 0x00, 0x00, 0x00,
    0x00, 0x00, 0x00, 0x00, 0x00, 0x00, 0x00, 0x00, 0x00, 0x00, 0x00, 0x00,
    0x00, 0x00, 0x00, 0x00, 0x00, 0x00, 0x00, 0x00, 0x00, 0x00, 0x00, 0x00,
    0x00, 0x00, 0x00, 0x00, 0x00, 0x00, 0x00, 0x00, 0x00, 0x00, 0x00, 0x00,
    0x00, 0x00, 0x00, 0x00, 0x00, 0x00, 0x00, 0x00, 0x00, 0x00, 0x00, 0x00,
    0x00, 0x00, 0x00, 0x00, 0x00, 0x00, 0x00, 0x00, 0x00, 0x00, 0x00, 0x00,
    0x00, 0x00, 0x00, 0x00, 0x00, 0x00, 0x00, 0x00, 0x00, 0x00, 0x00, 0x00,
    0x00, 0x00, 0x00, 0x00, 0x00, 0x00, 0x00, 0x00, 0x00, 0x00, 0x00, 0x00,
    0x00, 0x00, 0x00, 0x00, 0x00, 0x00, 0x00, 0x00, 0x00, 0x00, 0x00, 0x00,
    0x00, 0x00, 0x00, 0x00, 0x00, 0x00, 0x00, 0x00, 0x00, 0x00, 0x00, 0x00,
    0x00, 0x00, 0x00, 0x00, 0x00, 0x00, 0x00, 0x00, 0x00, 0x00, 0x00, 0x00,
    0x00, 0x00, 0x00, 0x00, 0x00, 0x00, 0x00, 0x00, 0x00, 0x00, 0x00, 0x00,
    0x00, 0x00, 0x00, 0x00, 0x00, 0x00, 0x00, 0x00, 0x00, 0x00, 0x00, 0x00,
    0x00, 0x00, 0x00, 0x00, 0x00, 0x00, 0x00, 0x00, 0x60, 0x00, 0x00, 0xff,
    0x60, 0x00, 0x00, 0xff, 0x80, 0x80, 0x80, 0xff, 0x80, 0x80, 0x80, 0xff,
    0xf8, 0xf8, 0xf8, 0xff, 0xf8, 0xf8, 0xf8, 0xff, 0xf8, 0xf8, 0xf8, 0xff,
    0xf8, 0xf8, 0xf8, 0xff, 0xf8, 0xf8, 0xf8, 0xff, 0xf8, 0xf8, 0xf8, 0xff,
    0x60, 0x00, 0x00, 0xff, 0x60, 0x00, 0x00, 0xff, 0x00, 0x00, 0x00, 0x00,
    0x00, 0x00, 0x00, 0x00, 0x00, 0x00, 0x00, 0x00, 0x00, 0x00, 0x00, 0x00,
    0x00, 0x00, 0x00, 0x00, 0x00, 0x00, 0x00, 0x00, 0x00, 0x00, 0x00, 0x00,
    0x00, 0x00, 0x00, 0x00, 0x00, 0x00, 0x00, 0x00, 0x00, 0x00, 0x00, 0x00,
    0x00, 0x00, 0x00, 0x00, 0x00, 0x00, 0x00, 0x00, 0x00, 0x00, 0x00, 0x00,
    0x00, 0x00, 0x00, 0x00, 0x00, 0x00, 0x00, 0x00, 0x00, 0x00, 0x00, 0x00,
    0x00, 0x00, 0x00, 0x00, 0x00, 0x00, 0x00, 0x00, 0x00, 0x00, 0x00, 0x00,
    0x00, 0x00, 0x00, 0x00, 0x00, 0x00, 0x00, 0x00, 0x00, 0x00, 0x00, 0x00,
    0x00, 0x00, 0x00, 0x00, 0x00, 0x00, 0x00, 0x00, 0x00, 0x00, 0x00, 0x00,
    0x00, 0x00, 0x00, 0x00, 0x00, 0x00, 0x00, 0x00, 0x00, 0x00, 0x00, 0x00,
    0x00, 0x00, 0x00, 0x00, 0x00, 0x00, 0x00, 0x00, 0x00, 0x00, 0x00, 0x00,
    0x00, 0x00, 0x00, 0x00, 0x00, 0x00, 0x00, 0x00, 0x00, 0x00, 0x00, 0x00,
    0x00, 0x00, 0x00, 0x00, 0x00, 0x00, 0x00, 0x00, 0x00, 0x00, 0x00, 0x00,
    0x00, 0x00, 0x00, 0x00, 0x00, 0x00, 0x00, 0x00, 0x00, 0x00, 0x00, 0x00,
    0x60, 0x00, 0x00, 0xff, 0x60, 0x00, 0x00, 0xff, 0x60, 0x00, 0x00, 0xff,
    0x60, 0x00, 0x00, 0xff, 0xa0, 0xa0, 0xa0, 0xff, 0xa0, 0xa0, 0xa0, 0xff,
    0xa0, 0xa0, 0xa0, 0xff, 0xa0, 0xa0, 0xa0, 0xff, 0xf8, 0xf8, 0xf8, 0xff,
    0xf8, 0xf8, 0xf8, 0xff, 0x60, 0x00, 0x00, 0xff, 0x60, 0x00, 0x00, 0xff,
    0x00, 0x00, 0x00, 0x00, 0x00, 0x00, 0x00, 0x00, 0x00, 0x00, 0x00, 0x00,
    0x00, 0x00, 0x00, 0x00, 0x00, 0x00, 0x00, 0x00, 0x00, 0x00, 0x00, 0x00,
    0x00, 0x00, 0x00, 0x00, 0x00, 0x00, 0x00, 0x00, 0x00, 0x00, 0x00, 0x00,
    0x00, 0x00, 0x00, 0x00, 0x00, 0x00, 0x00, 0x00, 0x00, 0x00, 0x00, 0x00,
    0x00, 0x00, 0x00, 0x00, 0x00, 0x00, 0x00, 0x00, 0x00, 0x00, 0x00, 0x00,
    0x00, 0x00, 0x00, 0x00, 0x00, 0x00, 0x00, 0x00, 0x00, 0x00, 0x00, 0x00,
    0x00, 0x00, 0x00, 0x00, 0x00, 0x00, 0x00, 0x00, 0x00, 0x00, 0x00, 0x00,
    0x00, 0x00, 0x00, 0x00, 0x00, 0x00, 0x00, 0x00, 0x00, 0x00, 0x00, 0x00,
    0x00, 0x00, 0x00, 0x00, 0x00, 0x00, 0x00, 0x00, 0x00, 0x00, 0x00, 0x00,
    0x00, 0x00, 0x00, 0x00, 0x00, 0x00, 0x00, 0x00, 0x00, 0x00, 0x00, 0x00,
    0x00, 0x00, 0x00, 0x00, 0x00, 0x00, 0x00, 0x00, 0x00, 0x00, 0x00, 0x00,
    0x00, 0x00, 0x00, 0x00, 0x00, 0x00, 0x00, 0x00, 0x00, 0x00, 0x00, 0x00,
    0x00, 0x00, 0x00, 0x00, 0x00, 0x00, 0x00, 0x00, 0x00, 0x00, 0x00, 0x00,
    0x00, 0x00, 0x00, 0x00, 0x00, 0x00, 0x00, 0x00, 0x00, 0x00, 0x00, 0x00,
    0x00, 0x00, 0x00, 0x00, 0x00, 0x00, 0x00, 0x00, 0x00, 0x00, 0x00, 0x00,
    0x00, 0x00, 0x00, 0x00, 0x00, 0x00, 0x00, 0x00, 0x00, 0x00, 0x00, 0x00,
    0x00, 0x00, 0x00, 0x00, 0x00, 0x00, 0x00, 0x00, 0x00, 0x00, 0x00, 0x00,
    0x00, 0x00, 0x00, 0x00, 0x00, 0x00, 0x00, 0x00, 0x00, 0x00, 0x00, 0x00,
    0x00, 0x00, 0x00, 0x00, 0x00, 0x00, 0x00, 0x00, 0x00, 0x00, 0x00, 0x00,
    0x00, 0x00, 0x00, 0x00, 0x00, 0x00, 0x00, 0x00, 0x00, 0x00, 0x00, 0x00,
    0x00, 0x00, 0x00, 0x00, 0x00, 0x00, 0x00, 0x00, 0x00, 0x00, 0x00, 0x00,
    0x00, 0x00, 0x00, 0x00, 0x60, 0x00, 0x00, 0xff, 0x60, 0x00, 0x00, 0xff,
    0x80, 0x80, 0x80, 0xff, 0x80, 0x80, 0x80, 0xff, 0xf8, 0xf8, 0xf8, 0xff,
    0xf8, 0xf8, 0xf8, 0xff, 0xf8, 0xf8, 0xf8, 0xff, 0xf8, 0xf8, 0xf8, 0xff,
    0xf8, 0xf8, 0xf8, 0xff, 0xf8, 0xf8, 0xf8, 0xff, 0x60, 0x00, 0x00, 0xff,
    0x60, 0x00, 0x00, 0xff, 0x00, 0x00, 0x00, 0x00, 0x00, 0x00, 0x00, 0x00,
    0x00, 0x00, 0x00, 0x00, 0x00, 0x00, 0x00, 0x00, 0x00, 0x00, 0x00, 0x00,
    0x00, 0x00, 0x00, 0x00, 0x00, 0x00, 0x00, 0x00, 0x00, 0x00, 0x00, 0x00,
    0x00, 0x00, 0x00, 0x00, 0x00, 0x00, 0x00, 0x00, 0x00, 0x00, 0x00, 0x00,
    0x00, 0x00, 0x00, 0x00, 0x00, 0x00, 0x00, 0x00, 0x00, 0x00, 0x00, 0x00,
    0x00, 0x00, 0x00, 0x00, 0x00, 0x00, 0x00, 0x00, 0x00, 0x00, 0x00, 0x00,
    0x00, 0x00, 0x00, 0x00, 0x00, 0x00, 0x00, 0x00, 0x00, 0x00, 0x00, 0x00,
    0x00, 0x00, 0x00, 0x00, 0x00, 0x00, 0x00, 0x00, 0x00, 0x00, 0x00, 0x00,
    0x00, 0x00, 0x00, 0x00, 0x00, 0x00, 0x00, 0x00, 0x00, 0x00, 0x00, 0x00,
    0x00, 0x00, 0x00, 0x00, 0x00, 0x00, 0x00, 0x00, 0x00, 0x00, 0x00, 0x00,
    0x00, 0x00, 0x00, 0x00, 0x00, 0x00, 0x00, 0x00, 0x00, 0x00, 0x00, 0x00,
    0x00, 0x00, 0x00, 0x00, 0x00, 0x00, 0x00, 0x00, 0x00, 0x00, 0x00, 0x00,
    0x00, 0x00, 0x00, 0x00, 0x00, 0x00, 0x00, 0x00, 0x00, 0x00, 0x00, 0x00,
    0x00, 0x00, 0x00, 0x00, 0x00, 0x00, 0x00, 0x00, 0x60, 0x00, 0x00, 0xff,
    0x60, 0x00, 0x00, 0xff, 0x80, 0x80, 0x80, 0xff, 0x80, 0x80, 0x80, 0xff,
    0x60, 0x00, 0x00, 0xff, 0x60, 0x00, 0x00, 0xff, 0x60, 0x00, 0x00, 0xff,
    0x60, 0x00, 0x00, 0xff, 0x60, 0x00, 0x00, 0xff, 0x60, 0x00, 0x00, 0xff,
    0x80, 0x80, 0x80, 0xff, 0x80, 0x80, 0x80, 0xff, 0x60, 0x00, 0x00, 0xff,
    0x60, 0x00, 0x00, 0xff, 0x00, 0x00, 0x00, 0x00, 0x00, 0x00, 0x00, 0x00,
    0x00, 0x00, 0x00, 0x00, 0x00, 0x00, 0x00, 0x00, 0x00, 0x00, 0x00, 0x00,
    0x00, 0x00, 0x00, 0x00, 0x00, 0x00, 0x00, 0x00, 0x00, 0x00, 0x00, 0x00,
    0x00, 0x00, 0x00, 0x00, 0x00, 0x00, 0x00, 0x00, 0x00, 0x00, 0x00, 0x00,
    0x00, 0x00, 0x00, 0x00, 0x00, 0x00, 0x00, 0x00, 0x00, 0x00, 0x00, 0x00,
    0x00, 0x00, 0x00, 0x00, 0x00, 0x00, 0x00, 0x00, 0x00, 0x00, 0x00, 0x00,
    0x00, 0x00, 0x00, 0x00, 0x00, 0x00, 0x00, 0x00, 0x00, 0x00, 0x00, 0x00,
    0x00, 0x00, 0x00, 0x00, 0x00, 0x00, 0x00, 0x00, 0x00, 0x00, 0x00, 0x00,
    0x00, 0x00, 0x00, 0x00, 0x00, 0x00, 0x00, 0x00, 0x00, 0x00, 0x00, 0x00,
    0x00, 0x00, 0x00, 0x00, 0x00, 0x00, 0x00, 0x00, 0x00, 0x00, 0x00, 0x00,
    0x00, 0x00, 0x00, 0x00, 0x00, 0x00, 0x00, 0x00, 0x00, 0x00, 0x00, 0x00,
    0x00, 0x00, 0x00, 0x00, 0x00, 0x00, 0x00, 0x00, 0x00, 0x00, 0x00, 0x00,
    0x00, 0x00, 0x00, 0x00, 0x00, 0x00, 0x00, 0x00, 0x00, 0x00, 0x00, 0x00,
    0x00, 0x00, 0x00, 0x00, 0x00, 0x00, 0x00, 0x00, 0x00, 0x00, 0x00, 0x00,
    0x00, 0x00, 0x00, 0x00, 0x00, 0x00, 0x00, 0x00, 0x00, 0x00, 0x00, 0x00,
    0x00, 0x00, 0x00, 0x00, 0x00, 0x00, 0x00, 0x00, 0x00, 0x00, 0x00, 0x00,
    0x00, 0x00, 0x00, 0x00, 0x00, 0x00, 0x00, 0x00, 0x00, 0x00, 0x00, 0x00,
    0x00, 0x00, 0x00, 0x00, 0x00, 0x00, 0x00, 0x00, 0x00, 0x00, 0x00, 0x00,
    0x00, 0x00, 0x00, 0x00, 0x00, 0x00, 0x00, 0x00, 0x00, 0x00, 0x00, 0x00,
    0x00, 0x00, 0x00, 0x00, 0x00, 0x00, 0x00, 0x00, 0x00, 0x00, 0x00, 0x00,
    0x00, 0x00, 0x00, 0x00, 0x60, 0x00, 0x00, 0xff, 0x60, 0x00, 0x00, 0xff,
    0x80, 0x80, 0x80, 0xff, 0x80, 0x80, 0x80, 0xff, 0x60, 0x00, 0x00, 0xff,
    0x60, 0x00, 0x00, 0xff, 0xa0, 0xa0, 0xa0, 0xff, 0xa0, 0xa0, 0xa0, 0xff,
    0xa0, 0xa0, 0xa0, 0xff, 0xa0, 0xa0, 0xa0, 0xff, 0xa0, 0xa0, 0xa0, 0xff,
    0xa0, 0xa0, 0xa0, 0xff, 0x60, 0x00, 0x00, 0xff, 0x60, 0x00, 0x00, 0xff,
    0x00, 0x00, 0x00, 0x00, 0x00, 0x00, 0x00, 0x00, 0x00, 0x00, 0x00, 0x00,
    0x00, 0x00, 0x00, 0x00, 0x00, 0x00, 0x00, 0x00, 0x00, 0x00, 0x00, 0x00,
    0x00, 0x00, 0x00, 0x00, 0x00, 0x00, 0x00, 0x00, 0x00, 0x00, 0x00, 0x00,
    0x00, 0x00, 0x00, 0x00, 0x00, 0x00, 0x00, 0x00, 0x00, 0x00, 0x00, 0x00,
    0x00, 0x00, 0x00, 0x00, 0x00, 0x00, 0x00, 0x00, 0x00, 0x00, 0x00, 0x00,
    0x00, 0x00, 0x00, 0x00, 0x00, 0x00, 0x00, 0x00, 0x00, 0x00, 0x00, 0x00,
    0x00, 0x00, 0x00, 0x00, 0x00, 0x00, 0x00, 0x00, 0x00, 0x00, 0x00, 0x00,
    0x00, 0x00, 0x00, 0x00, 0x00, 0x00, 0x00, 0x00, 0x00, 0x00, 0x00, 0x00,
    0x00, 0x00, 0x00, 0x00, 0x00, 0x00, 0x00, 0x00, 0x00, 0x00, 0x00, 0x00,
    0x00, 0x00, 0x00, 0x00, 0x00, 0x00, 0x00, 0x00, 0x00, 0x00, 0x00, 0x00,
    0x00, 0x00, 0x00, 0x00, 0x00, 0x00, 0x00, 0x00, 0x00, 0x00, 0x00, 0x00,
    0x00, 0x00, 0x00, 0x00, 0x00, 0x00, 0x00, 0x00, 0x00, 0x00, 0x00, 0x00,
    0x00, 0x00, 0x00, 0x00, 0x00, 0x00, 0x00, 0x00, 0x00, 0x00, 0x00, 0x00,
    0x00, 0x00, 0x00, 0x00, 0x60, 0x00, 0x00, 0xff, 0x60, 0x00, 0x00, 0xff,
    0x80, 0x80, 0x80, 0xff, 0x80, 0x80, 0x80, 0xff, 0x60, 0x00, 0x00, 0xff,
    0x60, 0x00, 0x00, 0xff, 0x60, 0x00, 0x00, 0xff, 0x60, 0x00, 0x00, 0xff,
    0x60, 0x00, 0x00, 0xff, 0x60, 0x00, 0x00, 0xff, 0x80, 0x80, 0x80, 0xff,
    0x80, 0x80, 0x80, 0xff, 0x60, 0x00, 0x00, 0xff, 0x60, 0x00, 0x00, 0xff,
    0x00, 0x00, 0x00, 0x00, 0x00, 0x00, 0x00, 0x00, 0x00, 0x00, 0x00, 0x00,
    0x00, 0x00, 0x00, 0x00, 0x00, 0x00, 0x00, 0x00, 0x00, 0x00, 0x00, 0x00,
    0x00, 0x00, 0x00, 0x00, 0x00, 0x00, 0x00, 0x00, 0x00, 0x00, 0x00, 0x00,
    0x00, 0x00, 0x00, 0x00, 0x00, 0x00, 0x00, 0x00, 0x00, 0x00, 0x00, 0x00,
    0x00, 0x00, 0x00, 0x00, 0x00, 0x00, 0x00, 0x00, 0x00, 0x00, 0x00, 0x00,
    0x00, 0x00, 0x00, 0x00, 0x00, 0x00, 0x00, 0x00, 0x00, 0x00, 0x00, 0x00,
    0x00, 0x00, 0x00, 0x00, 0x00, 0x00, 0x00, 0x00, 0x00, 0x00, 0x00, 0x00,
    0x00, 0x00, 0x00, 0x00, 0x00, 0x00, 0x00, 0x00, 0x00, 0x00, 0x00, 0x00,
    0x00, 0x00, 0x00, 0x00, 0x00, 0x00, 0x00, 0x00, 0x00, 0x00, 0x00, 0x00,
    0x00, 0x00, 0x00, 0x00, 0x00, 0x00, 0x00, 0x00, 0x00, 0x00, 0x00, 0x00,
    0x00, 0x00, 0x00, 0x00, 0x00, 0x00, 0x00, 0x00, 0x00, 0x00, 0x00, 0x00,
    0x00, 0x00, 0x00, 0x00, 0x00, 0x00, 0x00, 0x00, 0x00, 0x00, 0x00, 0x00,
    0x00, 0x00, 0x00, 0x00, 0x00, 0x00, 0x00, 0x00, 0x00, 0x00, 0x00, 0x00,
    0x00, 0x00, 0x00, 0x00, 0x00, 0x00, 0x00, 0x00, 0x00, 0x00, 0x00, 0x00,
    0x00, 0x00, 0x00, 0x00, 0x00, 0x00, 0x00, 0x00, 0x00, 0x00, 0x00, 0x00,
    0x00, 0x00, 0x00, 0x00, 0x00, 0x00, 0x00, 0x00, 0x00, 0x00, 0x00, 0x00,
    0x00, 0x00, 0x00, 0x00, 0x00, 0x00, 0x00, 0x00, 0x00, 0x00, 0x00, 0x00,
    0x00, 0x00, 0x00, 0x00, 0x00, 0x00, 0x00, 0x00, 0x00, 0x00, 0x00, 0x00,
    0x00, 0x00, 0x00, 0x00, 0x00, 0x00, 0x00, 0x00, 0x00, 0x00, 0x00, 0x00,
    0x00, 0x00, 0x00, 0x00, 0x00, 0x00, 0x00, 0x00, 0x00, 0x00, 0x00, 0x00,
    0x60, 0x00, 0x00, 0xff, 0x60, 0x00, 0x00, 0xff, 0x80, 0x80, 0x80, 0xff,
    0x80, 0x80, 0x80, 0xff, 0x60, 0x00, 0x00, 0xff, 0x60, 0x00, 0x00, 0xff,
    0xa0, 0xa0, 0xa0, 0xff, 0xa0, 0xa0, 0xa0, 0xff, 0xa0, 0xa0, 0xa0, 0xff,
    0xa0, 0xa0, 0xa0, 0xff, 0xa0, 0xa0, 0xa0, 0xff, 0xa0, 0xa0, 0xa0, 0xff,
    0x60, 0x00, 0x00, 0xff, 0x60, 0x00, 0x00, 0xff, 0x00, 0x00, 0x00, 0x00,
    0x00, 0x00, 0x00, 0x00, 0x00, 0x00, 0x00, 0x00, 0x00, 0x00, 0x00, 0x00,
    0x00, 0x00, 0x00, 0x00, 0x00, 0x00, 0x00, 0x00, 0x00, 0x00, 0x00, 0x00,
    0x00, 0x00, 0x00, 0x00, 0x00, 0x00, 0x00, 0x00, 0x00, 0x00, 0x00, 0x00,
    0x00, 0x00, 0x00, 0x00, 0x00, 0x00, 0x00, 0x00, 0x00, 0x00, 0x00, 0x00,
    0x00, 0x00, 0x00, 0x00, 0x00, 0x00, 0x00, 0x00, 0x00, 0x00, 0x00, 0x00,
    0x00, 0x00, 0x00, 0x00, 0x00, 0x00, 0x00, 0x00, 0x00, 0x00, 0x00, 0x00,
    0x00, 0x00, 0x00, 0x00, 0x00, 0x00, 0x00, 0x00, 0x00, 0x00, 0x00, 0x00,
    0x00, 0x00, 0x00, 0x00, 0x00, 0x00, 0x00, 0x00, 0x00, 0x00, 0x00, 0x00,
    0x00, 0x00, 0x00, 0x00, 0x00, 0x00, 0x00, 0x00, 0x00, 0x00, 0x00, 0x00,
    0x00, 0x00, 0x00, 0x00, 0x00, 0x00, 0x00, 0x00, 0x00, 0x00, 0x00, 0x00,
    0x00, 0x00, 0x00, 0x00, 0x00, 0x00, 0x00, 0x00, 0x00, 0x00, 0x00, 0x00,
    0x00, 0x00, 0x00, 0x00, 0x00, 0x00, 0x00, 0x00, 0x00, 0x00, 0x00, 0x00,
    0x00, 0x00, 0x00, 0x00, 0x00, 0x00, 0x00, 0x00, 0x00, 0x00, 0x00, 0x00,
    0x60, 0x00, 0x00, 0xff, 0x60, 0x00, 0x00, 0xff, 0x60, 0x00, 0x00, 0xff,
    0x60, 0x00, 0x00, 0xff, 0x80, 0x80, 0x80, 0xff, 0x80, 0x80, 0x80, 0xff,
    0x80, 0x80, 0x80, 0xff, 0x80, 0x80, 0x80, 0xff, 0x80, 0x80, 0x80, 0xff,
    0x80, 0x80, 0x80, 0xff, 0x80, 0x80, 0x80, 0xff, 0x80, 0x80, 0x80, 0xff,
    0x60, 0x00, 0x00, 0xff, 0x60, 0x00, 0x00, 0xff, 0x00, 0x00, 0x00, 0x00,
    0x00, 0x00, 0x00, 0x00, 0x00, 0x00, 0x00, 0x00, 0x00, 0x00, 0x00, 0x00,
    0x00, 0x00, 0x00, 0x00, 0x00, 0x00, 0x00, 0x00, 0x00, 0x00, 0x00, 0x00,
    0x00, 0x00, 0x00, 0x00, 0x00, 0x00, 0x00, 0x00, 0x00, 0x00, 0x00, 0x00,
    0x00, 0x00, 0x00, 0x00, 0x00, 0x00, 0x00, 0x00, 0x00, 0x00, 0x00, 0x00,
    0x00, 0x00, 0x00, 0x00, 0x00, 0x00, 0x00, 0x00, 0x00, 0x00, 0x00, 0x00,
    0x00, 0x00, 0x00, 0x00, 0x00, 0x00, 0x00, 0x00, 0x00, 0x00, 0x00, 0x00,
    0x00, 0x00, 0x00, 0x00, 0x00, 0x00, 0x00, 0x00, 0x00, 0x00, 0x00, 0x00,
    0x00, 0x00, 0x00, 0x00, 0x00, 0x00, 0x00, 0x00, 0x00, 0x00, 0x00, 0x00,
    0x00, 0x00, 0x00, 0x00, 0x00, 0x00, 0x00, 0x00, 0x00, 0x00, 0x00, 0x00,
    0x00, 0x00, 0x00, 0x00, 0x00, 0x00, 0x00, 0x00, 0x00, 0x00, 0x00, 0x00,
    0x00, 0x00, 0x00, 0x00, 0x00, 0x00, 0x00, 0x00, 0x00, 0x00, 0x00, 0x00,
    0x00, 0x00, 0x00, 0x00, 0x00, 0x00, 0x00, 0x00, 0x00, 0x00, 0x00, 0x00,
    0x00, 0x00, 0x00, 0x00, 0x00, 0x00, 0x00, 0x00, 0x00, 0x00, 0x00, 0x00,
    0x00, 0x00, 0x00, 0x00, 0x00, 0x00, 0x00, 0x00, 0x00, 0x00, 0x00, 0x00,
    0x00, 0x00, 0x00, 0x00, 0x00, 0x00, 0x00, 0x00, 0x00, 0x00, 0x00, 0x00,
    0x00, 0x00, 0x00, 0x00, 0x00, 0x00, 0x00, 0x00, 0x00, 0x00, 0x00, 0x00,
    0x00, 0x00, 0x00, 0x00, 0x00, 0x00, 0x00, 0x00, 0x00, 0x00, 0x00, 0x00,
    0x00, 0x00, 0x00, 0x00, 0x00, 0x00, 0x00, 0x00, 0x00, 0x00, 0x00, 0x00,
    0x00, 0x00, 0x00, 0x00, 0x00, 0x00, 0x00, 0x00, 0x00, 0x00, 0x00, 0x00,
    0x00, 0x00, 0x00, 0x00, 0x00, 0x00, 0x00, 0x00, 0x60, 0x00, 0x00, 0xff,
    0x60, 0x00, 0x00, 0xff, 0x80, 0x80, 0x80, 0xff, 0x80, 0x80, 0x80, 0xff,
    0x60, 0x00, 0x00, 0xff, 0x60, 0x00, 0x00, 0xff, 0x60, 0x00, 0x00, 0xff,
    0x60, 0x00, 0x00, 0xff, 0x60, 0x00, 0x00, 0xff, 0x60, 0x00, 0x00, 0xff,
    0x60, 0x00, 0x00, 0xff, 0x60, 0x00, 0x00, 0xff, 0x60, 0x00, 0x00, 0xff,
    0x60, 0x00, 0x00, 0xff, 0x00, 0x00, 0x00, 0x00, 0x00, 0x00, 0x00, 0x00,
    0x00, 0x00, 0x00, 0x00, 0x00, 0x00, 0x00, 0x00, 0x00, 0x00, 0x00, 0x00,
    0x00, 0x00, 0x00, 0x00, 0x00, 0x00, 0x00, 0x00, 0x00, 0x00, 0x00, 0x00,
    0x00, 0x00, 0x00, 0x00, 0x00, 0x00, 0x00, 0x00, 0x00, 0x00, 0x00, 0x00,
    0x00, 0x00, 0x00, 0x00, 0x00, 0x00, 0x00, 0x00, 0x00, 0x00, 0x00, 0x00,
    0x00, 0x00, 0x00, 0x00, 0x00, 0x00, 0x00, 0x00, 0x00, 0x00, 0x00, 0x00,
    0x00, 0x00, 0x00, 0x00, 0x00, 0x00, 0x00, 0x00, 0x00, 0x00, 0x00, 0x00,
    0x00, 0x00, 0x00, 0x00, 0x00, 0x00, 0x00, 0x00, 0x00, 0x00, 0x00, 0x00,
    0x00, 0x00, 0x00, 0x00, 0x00, 0x00, 0x00, 0x00, 0x00, 0x00, 0x00, 0x00,
    0x00, 0x00, 0x00, 0x00, 0x00, 0x00, 0x00, 0x00, 0x00, 0x00, 0x00, 0x00,
    0x00, 0x00, 0x00, 0x00, 0x00, 0x00, 0x00, 0x00, 0x00, 0x00, 0x00, 0x00,
    0x00, 0x00, 0x00, 0x00, 0x00, 0x00, 0x00, 0x00, 0x00, 0x00, 0x00, 0x00,
    0x00, 0x00, 0x00, 0x00, 0x00, 0x00, 0x00, 0x00, 0x00, 0x00, 0x00, 0x00,
    0x00, 0x00, 0x00, 0x00, 0x00, 0x00, 0x00, 0x00, 0x60, 0x00, 0x00, 0xff,
    0x60, 0x00, 0x00, 0xff, 0x60, 0x00, 0x00, 0xff, 0x60, 0x00, 0x00, 0xff,
    0x80, 0x80, 0x80, 0xff, 0x80, 0x80, 0x80, 0xff, 0x80, 0x80, 0x80, 0xff,
    0x80, 0x80, 0x80, 0xff, 0x80, 0x80, 0x80, 0xff, 0x80, 0x80, 0x80, 0xff,
    0x80, 0x80, 0x80, 0xff, 0x80, 0x80, 0x80, 0xff, 0x60, 0x00, 0x00, 0xff,
    0x60, 0x00, 0x00, 0xff, 0x00, 0x00, 0x00, 0x00, 0x00, 0x00, 0x00, 0x00,
    0x00, 0x00, 0x00, 0x00, 0x00, 0x00, 0x00, 0x00, 0x00, 0x00, 0x00, 0x00,
    0x00, 0x00, 0x00, 0x00, 0x00, 0x00, 0x00, 0x00, 0x00, 0x00, 0x00, 0x00,
    0x00, 0x00, 0x00, 0x00, 0x00, 0x00, 0x00, 0x00, 0x00, 0x00, 0x00, 0x00,
    0x00, 0x00, 0x00, 0x00, 0x00, 0x00, 0x00, 0x00, 0x00, 0x00, 0x00, 0x00,
    0x00, 0x00, 0x00, 0x00, 0x00, 0x00, 0x00, 0x00, 0x00, 0x00, 0x00, 0x00,
    0x00, 0x00, 0x00, 0x00, 0x00, 0x00, 0x00, 0x00, 0x00, 0x00, 0x00, 0x00,
    0x00, 0x00, 0x00, 0x00, 0x00, 0x00, 0x00, 0x00, 0x00, 0x00, 0x00, 0x00,
    0x00, 0x00, 0x00, 0x00, 0x00, 0x00, 0x00, 0x00, 0x00, 0x00, 0x00, 0x00,
    0x00, 0x00, 0x00, 0x00, 0x00, 0x00, 0x00, 0x00, 0x00, 0x00, 0x00, 0x00,
    0x00, 0x00, 0x00, 0x00, 0x00, 0x00, 0x00, 0x00, 0x00, 0x00, 0x00, 0x00,
    0x00, 0x00, 0x00, 0x00, 0x00, 0x00, 0x00, 0x00, 0x00, 0x00, 0x00, 0x00,
    0x00, 0x00, 0x00, 0x00, 0x00, 0x00, 0x00, 0x00, 0x00, 0x00, 0x00, 0x00,
    0x00, 0x00, 0x00, 0x00, 0x00, 0x00, 0x00, 0x00, 0x00, 0x00, 0x00, 0x00,
    0x00, 0x00, 0x00, 0x00, 0x00, 0x00, 0x00, 0x00, 0x00, 0x00, 0x00, 0x00,
    0x00, 0x00, 0x00, 0x00, 0x00, 0x00, 0x00, 0x00, 0x00, 0x00, 0x00, 0x00,
    0x00, 0x00, 0x00, 0x00, 0x00, 0x00, 0x00, 0x00, 0x00, 0x00, 0x00, 0x00,
    0x00, 0x00, 0x00, 0x00, 0x00, 0x00, 0x00, 0x00, 0x00, 0x00, 0x00, 0x00,
    0x00, 0x00, 0x00, 0x00, 0x00, 0x00, 0x00, 0x00, 0x00, 0x00, 0x00, 0x00,
    0x00, 0x00, 0x00, 0x00, 0x00, 0x00, 0x00, 0x00, 0x00, 0x00, 0x00, 0x00,
    0x00, 0x00, 0x00, 0x00, 0x60, 0x00, 0x00, 0xff, 0x60, 0x00, 0x00, 0xff,
    0x80, 0x80, 0x80, 0xff, 0x80, 0x80, 0x80, 0xff, 0x60, 0x00, 0x00, 0xff,
    0x60, 0x00, 0x00, 0xff, 0x60, 0x00, 0x00, 0xff, 0x60, 0x00, 0x00, 0xff,
    0x60, 0x00, 0x00, 0xff, 0x60, 0x00, 0x00, 0xff, 0x60, 0x00, 0x00, 0xff,
    0x60, 0x00, 0x00, 0xff, 0x60, 0x00, 0x00, 0xff, 0x60, 0x00, 0x00, 0xff,
    0x00, 0x00, 0x00, 0x00, 0x00, 0x00, 0x00, 0x00, 0x00, 0x00, 0x00, 0x00,
    0x00, 0x00, 0x00, 0x00, 0x00, 0x00, 0x00, 0x00, 0x00, 0x00, 0x00, 0x00,
    0x00, 0x00, 0x00, 0x00, 0x00, 0x00, 0x00, 0x00, 0x00, 0x00, 0x00, 0x00,
    0x00, 0x00, 0x00, 0x00, 0x00, 0x00, 0x00, 0x00, 0x00, 0x00, 0x00, 0x00,
    0x00, 0x00, 0x00, 0x00, 0x00, 0x00, 0x00, 0x00, 0x00, 0x00, 0x00, 0x00,
    0x00, 0x00, 0x00, 0x00, 0x00, 0x00, 0x00, 0x00, 0x00, 0x00, 0x00, 0x00,
    0x00, 0x00, 0x00, 0x00, 0x00, 0x00, 0x00, 0x00, 0x00, 0x00, 0x00, 0x00,
    0x00, 0x00, 0x00, 0x00, 0x00, 0x00, 0x00, 0x00, 0x00, 0x00, 0x00, 0x00,
    0x00, 0x00, 0x00, 0x00, 0x00, 0x00, 0x00, 0x00, 0x00, 0x00, 0x00, 0x00,
    0x00, 0x00, 0x00, 0x00, 0x00, 0x00, 0x00, 0x00, 0x00, 0x00, 0x00, 0x00,
    0x00, 0x00, 0x00, 0x00, 0x00, 0x00, 0x00, 0x00, 0x00, 0x00, 0x00, 0x00,
    0x00, 0x00, 0x00, 0x00, 0x00, 0x00, 0x00, 0x00, 0x00, 0x00, 0x00, 0x00,
    0x00, 0x00, 0x00, 0x00, 0x00, 0x00, 0x00, 0x00, 0x00, 0x00, 0x00, 0x00,
    0x00, 0x00, 0x00, 0x00, 0x60, 0x00, 0x00, 0xff, 0x60, 0x00, 0x00, 0xff,
    0x80, 0x80, 0x80, 0xff, 0x80, 0x80, 0x80, 0xff, 0x80, 0x80, 0x80, 0xff,
    0x80, 0x80, 0x80, 0xff, 0x80, 0x80, 0x80, 0xff, 0x80, 0x80, 0x80, 0xff,
    0x80, 0x80, 0x80, 0xff, 0x80, 0x80, 0x80, 0xff, 0x80, 0x80, 0x80, 0xff,
    0x80, 0x80, 0x80, 0xff, 0x80, 0x80, 0x80, 0xff, 0x80, 0x80, 0x80, 0xff,
    0x60, 0x00, 0x00, 0xff, 0x60, 0x00, 0x00, 0xff, 0x00, 0x00, 0x00, 0x00,
    0x00, 0x00, 0x00, 0x00, 0x00, 0x00, 0x00, 0x00, 0x00, 0x00, 0x00, 0x00,
    0x00, 0x00, 0x00, 0x00, 0x00, 0x00, 0x00, 0x00, 0x00, 0x00, 0x00, 0x00,
    0x00, 0x00, 0x00, 0x00, 0x00, 0x00, 0x00, 0x00, 0x00, 0x00, 0x00, 0x00,
    0x00, 0x00, 0x00, 0x00, 0x00, 0x00, 0x00, 0x00, 0x00, 0x00, 0x00, 0x00,
    0x00, 0x00, 0x00, 0x00, 0x00, 0x00, 0x00, 0x00, 0x00, 0x00, 0x00, 0x00,
    0x00, 0x00, 0x00, 0x00, 0x00, 0x00, 0x00, 0x00, 0x00, 0x00, 0x00, 0x00,
    0x00, 0x00, 0x00, 0x00, 0x00, 0x00, 0x00, 0x00, 0x00, 0x00, 0x00, 0x00,
    0x00, 0x00, 0x00, 0x00, 0x00, 0x00, 0x00, 0x00, 0x00, 0x00, 0x00, 0x00,
    0x00, 0x00, 0x00, 0x00, 0x00, 0x00, 0x00, 0x00, 0x00, 0x00, 0x00, 0x00,
    0x00, 0x00, 0x00, 0x00, 0x00, 0x00, 0x00, 0x00, 0x00, 0x00, 0x00, 0x00,
    0x00, 0x00, 0x00, 0x00, 0x00, 0x00, 0x00, 0x00, 0x00, 0x00, 0x00, 0x00,
    0x00, 0x00, 0x00, 0x00, 0x00, 0x00, 0x00, 0x00, 0x00, 0x00, 0x00, 0x00,
    0x00, 0x00, 0x00, 0x00, 0x00, 0x00, 0x00, 0x00, 0x00, 0x00, 0x00, 0x00,
    0x00, 0x00, 0x00, 0x00, 0x00, 0x00, 0x00, 0x00, 0x00, 0x00, 0x00, 0x00,
    0x00, 0x00, 0x00, 0x00, 0x00, 0x00, 0x00, 0x00, 0x00, 0x00, 0x00, 0x00,
    0x00, 0x00, 0x00, 0x00, 0x00, 0x00, 0x00, 0x00, 0x00, 0x00, 0x00, 0x00,
    0x00, 0x00, 0x00, 0x00, 0x00, 0x00, 0x00, 0x00, 0x00, 0x00, 0x00, 0x00,
    0x00, 0x00, 0x00, 0x00, 0x00, 0x00, 0x00, 0x00, 0x00, 0x00, 0x00, 0x00,
    0x00, 0x00, 0x00, 0x00, 0x60, 0x00, 0x00, 0xff, 0x60, 0x00, 0x00, 0xff,
    0x80, 0x80, 0x80, 0xff, 0x80, 0x80, 0x80, 0xff, 0x80, 0x80, 0x80, 0xff,
    0x80, 0x80, 0x80, 0xff, 0x80, 0x80, 0x80, 0xff, 0x80, 0x80, 0x80, 0xff,
    0x80, 0x80, 0x80, 0xff, 0x80, 0x80, 0x80, 0xff, 0x80, 0x80, 0x80, 0xff,
    0x80, 0x80, 0x80, 0xff, 0x80, 0x80, 0x80, 0xff, 0x80, 0x80, 0x80, 0xff,
    0x60, 0x00, 0x00, 0xff, 0x60, 0x00, 0x00, 0xff, 0x00, 0x00, 0x00, 0x00,
    0x00, 0x00, 0x00, 0x00, 0x00, 0x00, 0x00, 0x00, 0x00, 0x00, 0x00, 0x00,
    0x00, 0x00, 0x00, 0x00, 0x00, 0x00, 0x00, 0x00, 0x00, 0x00, 0x00, 0x00,
    0x00, 0x00, 0x00, 0x00, 0x00, 0x00, 0x00, 0x00, 0x00, 0x00, 0x00, 0x00,
    0x00, 0x00, 0x00, 0x00, 0x00, 0x00, 0x00, 0x00, 0x00, 0x00, 0x00, 0x00,
    0x00, 0x00, 0x00, 0x00, 0x00, 0x00, 0x00, 0x00, 0x00, 0x00, 0x00, 0x00,
    0x00, 0x00, 0x00, 0x00, 0x00, 0x00, 0x00, 0x00, 0x00, 0x00, 0x00, 0x00,
    0x00, 0x00, 0x00, 0x00, 0x00, 0x00, 0x00, 0x00, 0x00, 0x00, 0x00, 0x00,
    0x00, 0x00, 0x00, 0x00, 0x00, 0x00, 0x00, 0x00, 0x00, 0x00, 0x00, 0x00,
    0x00, 0x00, 0x00, 0x00, 0x00, 0x00, 0x00, 0x00, 0x00, 0x00, 0x00, 0x00,
    0x00, 0x00, 0x00, 0x00, 0x00, 0x00, 0x00, 0x00, 0x00, 0x00, 0x00, 0x00,
    0x00, 0x00, 0x00, 0x00, 0x00, 0x00, 0x00, 0x00, 0x00, 0x00, 0x00, 0x00,
    0x00, 0x00, 0x00, 0x00, 0x00, 0x00, 0x00, 0x00, 0x00, 0x00, 0x00, 0x00,
    0x00, 0x00, 0x00, 0x00, 0x00, 0x00, 0x00, 0x00, 0x00, 0x00, 0x00, 0x00,
    0x60, 0x00, 0x00, 0xff, 0x60, 0x00, 0x00, 0xff, 0x80, 0x80, 0x80, 0xff,
    0x80, 0x80, 0x80, 0xff, 0x80, 0x80, 0x80, 0xff, 0x80, 0x80, 0x80, 0xff,
    0x80, 0x80, 0x80, 0xff, 0x80, 0x80, 0x80, 0xff, 0x80, 0x80, 0x80, 0xff,
    0x80, 0x80, 0x80, 0xff, 0x80, 0x80, 0x80, 0xff, 0x80, 0x80, 0x80, 0xff,
    0x80, 0x80, 0x80, 0xff, 0x80, 0x80, 0x80, 0xff, 0x60, 0x00, 0x00, 0xff,
    0x60, 0x00, 0x00, 0xff, 0x00, 0x00, 0x00, 0x00, 0x00, 0x00, 0x00, 0x00,
    0x00, 0x00, 0x00, 0x00, 0x00, 0x00, 0x00, 0x00, 0x00, 0x00, 0x00, 0x00,
    0x00, 0x00, 0x00, 0x00, 0x00, 0x00, 0x00, 0x00, 0x00, 0x00, 0x00, 0x00,
    0x00, 0x00, 0x00, 0x00, 0x00, 0x00, 0x00, 0x00, 0x00, 0x00, 0x00, 0x00,
    0x00, 0x00, 0x00, 0x00, 0x00, 0x00, 0x00, 0x00, 0x00, 0x00, 0x00, 0x00,
    0x00, 0x00, 0x00, 0x00, 0x00, 0x00, 0x00, 0x00, 0x00, 0x00, 0x00, 0x00,
    0x00, 0x00, 0x00, 0x00, 0x00, 0x00, 0x00, 0x00, 0x00, 0x00, 0x00, 0x00,
    0x00, 0x00, 0x00, 0x00, 0x00, 0x00, 0x00, 0x00, 0x00, 0x00, 0x00, 0x00,
    0x00, 0x00, 0x00, 0x00, 0x00, 0x00, 0x00, 0x00, 0x00, 0x00, 0x00, 0x00,
    0x00, 0x00, 0x00, 0x00, 0x00, 0x00, 0x00, 0x00, 0x00, 0x00, 0x00, 0x00,
    0x00, 0x00, 0x00, 0x00, 0x00, 0x00, 0x00, 0x00, 0x00, 0x00, 0x00, 0x00,
    0x00, 0x00, 0x00, 0x00, 0x00, 0x00, 0x00, 0x00, 0x00, 0x00, 0x00, 0x00,
    0x00, 0x00, 0x00, 0x00, 0x00, 0x00, 0x00, 0x00, 0x00, 0x00, 0x00, 0x00,
    0x00, 0x00, 0x00, 0x00, 0x00, 0x00, 0x00, 0x00, 0x00, 0x00, 0x00, 0x00,
    0x00, 0x00, 0x00, 0x00, 0x00, 0x00, 0x00, 0x00, 0x00, 0x00, 0x00, 0x00,
    0x00, 0x00, 0x00, 0x00, 0x00, 0x00, 0x00, 0x00, 0x00, 0x00, 0x00, 0x00,
    0x00, 0x00, 0x00, 0x00, 0x00, 0x00, 0x00, 0x00, 0x00, 0x00, 0x00, 0x00,
    0x00, 0x00, 0x00, 0x00, 0x00, 0x00, 0x00, 0x00, 0x00, 0x00, 0x00, 0x00,
    0x00, 0x00, 0x00, 0x00, 0x00, 0x00, 0x00, 0x00, 0x00, 0x00, 0x00, 0x00,
    0x60, 0x00, 0x00, 0xff, 0x60, 0x00, 0x00, 0xff, 0x80, 0x80, 0x80, 0xff,
    0x80, 0x80, 0x80, 0xff, 0x80, 0x80, 0x80, 0xff, 0x80, 0x80, 0x80, 0xff,
    0x80, 0x80, 0x80, 0xff, 0x80, 0x80, 0x80, 0xff, 0x80, 0x80, 0x80, 0xff,
    0x80, 0x80, 0x80, 0xff, 0x80, 0x80, 0x80, 0xff, 0x80, 0x80, 0x80, 0xff,
    0x80, 0x80, 0x80, 0xff, 0x80, 0x80, 0x80, 0xff, 0x60, 0x00, 0x00, 0xff,
    0x60, 0x00, 0x00, 0xff, 0x00, 0x00, 0x00, 0x00, 0x00, 0x00, 0x00, 0x00,
    0x00, 0x00, 0x00, 0x00, 0x00, 0x00, 0x00, 0x00, 0x00, 0x00, 0x00, 0x00,
    0x00, 0x00, 0x00, 0x00, 0x00, 0x00, 0x00, 0x00, 0x00, 0x00, 0x00, 0x00,
    0x00, 0x00, 0x00, 0x00, 0x00, 0x00, 0x00, 0x00, 0x00, 0x00, 0x00, 0x00,
    0x00, 0x00, 0x00, 0x00, 0x00, 0x00, 0x00, 0x00, 0x00, 0x00, 0x00, 0x00,
    0x00, 0x00, 0x00, 0x00, 0x00, 0x00, 0x00, 0x00, 0x00, 0x00, 0x00, 0x00,
    0x00, 0x00, 0x00, 0x00, 0x00, 0x00, 0x00, 0x00, 0x00, 0x00, 0x00, 0x00,
    0x00, 0x00, 0x00, 0x00, 0x00, 0x00, 0x00, 0x00, 0x00, 0x00, 0x00, 0x00,
    0x00, 0x00, 0x00, 0x00, 0x00, 0x00, 0x00, 0x00, 0x00, 0x00, 0x00, 0x00,
    0x00, 0x00, 0x00, 0x00, 0x00, 0x00, 0x00, 0x00, 0x00, 0x00, 0x00, 0x00,
    0x00, 0x00, 0x00, 0x00, 0x00, 0x00, 0x00, 0x00, 0x00, 0x00, 0x00, 0x00,
    0x00, 0x00, 0x00, 0x00, 0x00, 0x00, 0x00, 0x00, 0x00, 0x00, 0x00, 0x00,
    0x00, 0x00, 0x00, 0x00, 0x00, 0x00, 0x00, 0x00, 0x00, 0x00, 0x00, 0x00,
    0x00, 0x00, 0x00, 0x00, 0x00, 0x00, 0x00, 0x00, 0x00, 0x00, 0x00, 0x00,
    0x00, 0x00, 0x00, 0x00, 0x60, 0x00, 0x00, 0xff, 0x60, 0x00, 0x00, 0xff,
    0x80, 0x80, 0x80, 0xff, 0x80, 0x80, 0x80, 0xff, 0x80, 0x80, 0x80, 0xff,
    0x80, 0x80, 0x80, 0xff, 0x80, 0x80, 0x80, 0xff, 0x80, 0x80, 0x80, 0xff,
    0x80, 0x80, 0x80, 0xff, 0x80, 0x80, 0x80, 0xff, 0x80, 0x80, 0x80, 0xff,
    0x80, 0x80, 0x80, 0xff, 0x80, 0x80, 0x80, 0xff, 0x80, 0x80, 0x80, 0xff,
    0x60, 0x00, 0x00, 0xff, 0x60, 0x00, 0x00, 0xff, 0x00, 0x00, 0x00, 0x00,
    0x00, 0x00, 0x00, 0x00, 0x00, 0x00, 0x00, 0x00, 0x00, 0x00, 0x00, 0x00,
    0x00, 0x00, 0x00, 0x00, 0x00, 0x00, 0x00, 0x00, 0x00, 0x00, 0x00, 0x00,
    0x00, 0x00, 0x00, 0x00, 0x00, 0x00, 0x00, 0x00, 0x00, 0x00, 0x00, 0x00,
    0x00, 0x00, 0x00, 0x00, 0x00, 0x00, 0x00, 0x00, 0x00, 0x00, 0x00, 0x00,
    0x00, 0x00, 0x00, 0x00, 0x00, 0x00, 0x00, 0x00, 0x00, 0x00, 0x00, 0x00,
    0x00, 0x00, 0x00, 0x00, 0x00, 0x00, 0x00, 0x00, 0x00, 0x00, 0x00, 0x00,
    0x00, 0x00, 0x00, 0x00, 0x00, 0x00, 0x00, 0x00, 0x00, 0x00, 0x00, 0x00,
    0x00, 0x00, 0x00, 0x00, 0x00, 0x00, 0x00, 0x00, 0x00, 0x00, 0x00, 0x00,
    0x00, 0x00, 0x00, 0x00, 0x00, 0x00, 0x00, 0x00, 0x00, 0x00, 0x00, 0x00,
    0x00, 0x00, 0x00, 0x00, 0x00, 0x00, 0x00, 0x00, 0x00, 0x00, 0x00, 0x00,
    0x00, 0x00, 0x00, 0x00, 0x00, 0x00, 0x00, 0x00, 0x00, 0x00, 0x00, 0x00,
    0x00, 0x00, 0x00, 0x00, 0x00, 0x00, 0x00, 0x00, 0x00, 0x00, 0x00, 0x00,
    0x00, 0x00, 0x00, 0x00, 0x00, 0x00, 0x00, 0x00, 0x00, 0x00, 0x00, 0x00,
    0x00, 0x00, 0x00, 0x00, 0x00, 0x00, 0x00, 0x00, 0x00, 0x00, 0x00, 0x00,
    0x00, 0x00, 0x00, 0x00, 0x00, 0x00, 0x00, 0x00, 0x00, 0x00, 0x00, 0x00,
    0x00, 0x00, 0x00, 0x00, 0x00, 0x00, 0x00, 0x00, 0x00, 0x00, 0x00, 0x00,
    0x00, 0x00, 0x00, 0x00, 0x00, 0x00, 0x00, 0x00, 0x00, 0x00, 0x00, 0x00,
    0x60, 0x00, 0x00, 0xff, 0x60, 0x00, 0x00, 0xff, 0x80, 0x80, 0x80, 0xff,
    0x80, 0x80, 0x80, 0xff, 0x80, 0x80, 0x80, 0xff, 0x80, 0x80, 0x80, 0xff,
    0x80, 0x80, 0x80, 0xff, 0x80, 0x80, 0x80, 0xff, 0x80, 0x80, 0x80, 0xff,
    0x80, 0x80, 0x80, 0xff, 0x80, 0x80, 0x80, 0xff, 0x80, 0x80, 0x80, 0xff,
    0x80, 0x80, 0x80, 0xff, 0x80, 0x80, 0x80, 0xff, 0x60, 0x00, 0x00, 0xff,
    0x60, 0x00, 0x00, 0xff, 0x00, 0x00, 0x00, 0x00, 0x00, 0x00, 0x00, 0x00,
    0x00, 0x00, 0x00, 0x00, 0x00, 0x00, 0x00, 0x00, 0x00, 0x00, 0x00, 0x00,
    0x00, 0x00, 0x00, 0x00, 0x00, 0x00, 0x00, 0x00, 0x00, 0x00, 0x00, 0x00,
    0x00, 0x00, 0x00, 0x00, 0x00, 0x00, 0x00, 0x00, 0x00, 0x00, 0x00, 0x00,
    0x00, 0x00, 0x00, 0x00, 0x00, 0x00, 0x00, 0x00, 0x00, 0x00, 0x00, 0x00,
    0x00, 0x00, 0x00, 0x00, 0x00, 0x00, 0x00, 0x00, 0x00, 0x00, 0x00, 0x00,
    0x00, 0x00, 0x00, 0x00, 0x00, 0x00, 0x00, 0x00, 0x00, 0x00, 0x00, 0x00,
    0x00, 0x00, 0x00, 0x00, 0x00, 0x00, 0x00, 0x00, 0x00, 0x00, 0x00, 0x00,
    0x00, 0x00, 0x00, 0x00, 0x00, 0x00, 0x00, 0x00, 0x00, 0x00, 0x00, 0x00,
    0x00, 0x00, 0x00, 0x00, 0x00, 0x00, 0x00, 0x00, 0x00, 0x00, 0x00, 0x00,
    0x00, 0x00, 0x00, 0x00, 0x00, 0x00, 0x00, 0x00, 0x00, 0x00, 0x00, 0x00,
    0x00, 0x00, 0x00, 0x00, 0x00, 0x00, 0x00, 0x00, 0x00, 0x00, 0x00, 0x00,
    0x00, 0x00, 0x00, 0x00, 0x00, 0x00, 0x00, 0x00, 0x00, 0x00, 0x00, 0x00,
    0x00, 0x00, 0x00, 0x00, 0x00, 0x00, 0x00, 0x00, 0x00, 0x00, 0x00, 0x00,
    0x00, 0x00, 0x00, 0x00, 0x00, 0x00, 0x00, 0x00, 0x00, 0x00, 0x00, 0x00,
    0x60, 0x00, 0x00, 0xff, 0x60, 0x00, 0x00, 0xff, 0x80, 0x80, 0x80, 0xff,
    0x80, 0x80, 0x80, 0xff, 0x80, 0x80, 0x80, 0xff, 0x80, 0x80, 0x80, 0xff,
    0x80, 0x80, 0x80, 0xff, 0x80, 0x80, 0x80, 0xff, 0x80, 0x80, 0x80, 0xff,
    0x80, 0x80, 0x80, 0xff, 0x80, 0x80, 0x80, 0xff, 0x80, 0x80, 0x80, 0xff,
    0x80, 0x80, 0x80, 0xff, 0x80, 0x80, 0x80, 0xff, 0x60, 0x00, 0x00, 0xff,
    0x60, 0x00, 0x00, 0xff, 0x00, 0x00, 0x00, 0x00, 0x00, 0x00, 0x00, 0x00,
    0x00, 0x00, 0x00, 0x00, 0x00, 0x00, 0x00, 0x00, 0x00, 0x00, 0x00, 0x00,
    0x00, 0x00, 0x00, 0x00, 0x00, 0x00, 0x00, 0x00, 0x00, 0x00, 0x00, 0x00,
    0x00, 0x00, 0x00, 0x00, 0x00, 0x00, 0x00, 0x00, 0x00, 0x00, 0x00, 0x00,
    0x00, 0x00, 0x00, 0x00, 0x00, 0x00, 0x00, 0x00, 0x00, 0x00, 0x00, 0x00,
    0x00, 0x00, 0x00, 0x00, 0x00, 0x00, 0x00, 0x00, 0x00, 0x00, 0x00, 0x00,
    0x00, 0x00, 0x00, 0x00, 0x00, 0x00, 0x00, 0x00, 0x00, 0x00, 0x00, 0x00,
    0x00, 0x00, 0x00, 0x00, 0x00, 0x00, 0x00, 0x00, 0x00, 0x00, 0x00, 0x00,
    0x00, 0x00, 0x00, 0x00, 0x00, 0x00, 0x00, 0x00, 0x00, 0x00, 0x00, 0x00,
    0x00, 0x00, 0x00, 0x00, 0x00, 0x00, 0x00, 0x00, 0x00, 0x00, 0x00, 0x00,
    0x00, 0x00, 0x00, 0x00, 0x00, 0x00, 0x00, 0x00, 0x00, 0x00, 0x00, 0x00,
    0x00, 0x00, 0x00, 0x00, 0x00, 0x00, 0x00, 0x00, 0x00, 0x00, 0x00, 0x00,
    0x00, 0x00, 0x00, 0x00, 0x00, 0x00, 0x00, 0x00, 0x00, 0x00, 0x00, 0x00,
    0x00, 0x00, 0x00, 0x00, 0x00, 0x00, 0x00, 0x00, 0x00, 0x00, 0x00, 0x00,
    0x00, 0x00, 0x00, 0x00, 0x00, 0x00, 0x00, 0x00, 0x00, 0x00, 0x00, 0x00,
    0x00, 0x00, 0x00, 0x00, 0x00, 0x00, 0x00, 0x00, 0x00, 0x00, 0x00, 0x00,
    0x00, 0x00, 0x00, 0x00, 0x00, 0x00, 0x00, 0x00, 0x00, 0x00, 0x00, 0x00,
    0x00, 0x00, 0x00, 0x00, 0x00, 0x00, 0x00, 0x00, 0x60, 0x00, 0x00, 0xff,
    0x60, 0x00, 0x00, 0xff, 0x80, 0x80, 0x80, 0xff, 0x80, 0x80, 0x80, 0xff,
    0x80, 0x80, 0x80, 0xff, 0x80, 0x80, 0x80, 0xff, 0x80, 0x80, 0x80, 0xff,
    0x80, 0x80, 0x80, 0xff, 0x80, 0x80, 0x80, 0xff, 0x80, 0x80, 0x80, 0xff,
    0x80, 0x80, 0x80, 0xff, 0x80, 0x80, 0x80, 0xff, 0x80, 0x80, 0x80, 0xff,
    0x80, 0x80, 0x80, 0xff, 0x60, 0x00, 0x00, 0xff, 0x60, 0x00, 0x00, 0xff,
    0x00, 0x00, 0x00, 0x00, 0x00, 0x00, 0x00, 0x00, 0x00, 0x00, 0x00, 0x00,
    0x00, 0x00, 0x00, 0x00, 0x00, 0x00, 0x00, 0x00, 0x00, 0x00, 0x00, 0x00,
    0x00, 0x00, 0x00, 0x00, 0x00, 0x00, 0x00, 0x00, 0x00, 0x00, 0x00, 0x00,
    0x00, 0x00, 0x00, 0x00, 0x00, 0x00, 0x00, 0x00, 0x00, 0x00, 0x00, 0x00,
    0x00, 0x00, 0x00, 0x00, 0x00, 0x00, 0x00, 0x00, 0x00, 0x00, 0x00, 0x00,
    0x00, 0x00, 0x00, 0x00, 0x00, 0x00, 0x00, 0x00, 0x00, 0x00, 0x00, 0x00,
    0x00, 0x00, 0x00, 0x00, 0x00, 0x00, 0x00, 0x00, 0x00, 0x00, 0x00, 0x00,
    0x00, 0x00, 0x00, 0x00, 0x00, 0x00, 0x00, 0x00, 0x00, 0x00, 0x00, 0x00,
    0x00, 0x00, 0x00, 0x00, 0x00, 0x00, 0x00, 0x00, 0x00, 0x00, 0x00, 0x00,
    0x00, 0x00, 0x00, 0x00, 0x00, 0x00, 0x00, 0x00, 0x00, 0x00, 0x00, 0x00,
    0x00, 0x00, 0x00, 0x00, 0x00, 0x00, 0x00, 0x00, 0x00, 0x00, 0x00, 0x00,
    0x00, 0x00, 0x00, 0x00, 0x00, 0x00, 0x00, 0x00, 0x00, 0x00, 0x00, 0x00,
    0x00, 0x00, 0x00, 0x00, 0x00, 0x00, 0x00, 0x00, 0x00, 0x00, 0x00, 0x00,
    0x00, 0x00, 0x00, 0x00, 0x00, 0x00, 0x00, 0x00, 0x00, 0x00, 0x00, 0x00,
    0x00, 0x00, 0x00, 0x00, 0x00, 0x00, 0x00, 0x00, 0x60, 0x00, 0x00, 0xff,
    0x60, 0x00, 0x00, 0xff, 0x80, 0x80, 0x80, 0xff, 0x80, 0x80, 0x80, 0xff,
    0x80, 0x80, 0x80, 0xff, 0x80, 0x80, 0x80, 0xff, 0x80, 0x80, 0x80, 0xff,
    0x80, 0x80, 0x80, 0xff, 0x80, 0x80, 0x80, 0xff, 0x80, 0x80, 0x80, 0xff,
    0x80, 0x80, 0x80, 0xff, 0x80, 0x80, 0x80, 0xff, 0x80, 0x80, 0x80, 0xff,
    0x80, 0x80, 0x80, 0xff, 0x80, 0x80, 0x80, 0xff, 0x80, 0x80, 0x80, 0xff,
    0x60, 0x00, 0x00, 0xff, 0x60, 0x00, 0x00, 0xff, 0x60, 0x00, 0x00, 0xff,
    0x60, 0x00, 0x00, 0xff, 0x00, 0x00, 0x00, 0x00, 0x00, 0x00, 0x00, 0x00,
    0x00, 0x00, 0x00, 0x00, 0x00, 0x00, 0x00, 0x00, 0x00, 0x00, 0x00, 0x00,
    0x00, 0x00, 0x00, 0x00, 0x00, 0x00, 0x00, 0x00, 0x00, 0x00, 0x00, 0x00,
    0x00, 0x00, 0x00, 0x00, 0x00, 0x00, 0x00, 0x00, 0x00, 0x00, 0x00, 0x00,
    0x00, 0x00, 0x00, 0x00, 0x00, 0x00, 0x00, 0x00, 0x00, 0x00, 0x00, 0x00,
    0x00, 0x00, 0x00, 0x00, 0x00, 0x00, 0x00, 0x00, 0x00, 0x00, 0x00, 0x00,
    0x00, 0x00, 0x00, 0x00, 0x00, 0x00, 0x00, 0x00, 0x00, 0x00, 0x00, 0x00,
    0x00, 0x00, 0x00, 0x00, 0x00, 0x00, 0x00, 0x00, 0x00, 0x00, 0x00, 0x00,
    0x00, 0x00, 0x00, 0x00, 0x00, 0x00, 0x00, 0x00, 0x00, 0x00, 0x00, 0x00,
    0x00, 0x00, 0x00, 0x00, 0x00, 0x00, 0x00, 0x00, 0x00, 0x00, 0x00, 0x00,
    0x00, 0x00, 0x00, 0x00, 0x00, 0x00, 0x00, 0x00, 0x00, 0x00, 0x00, 0x00,
    0x00, 0x00, 0x00, 0x00, 0x00, 0x00, 0x00, 0x00, 0x00, 0x00, 0x00, 0x00,
    0x00, 0x00, 0x00, 0x00, 0x00, 0x00, 0x00, 0x00, 0x00, 0x00, 0x00, 0x00,
    0x00, 0x00, 0x00, 0x00, 0x00, 0x00, 0x00, 0x00, 0x00, 0x00, 0x00, 0x00,
    0x00, 0x00, 0x00, 0x00, 0x00, 0x00, 0x00, 0x00, 0x00, 0x00, 0x00, 0x00,
    0x60, 0x00, 0x00, 0xff, 0x60, 0x00, 0x00, 0xff, 0x60, 0x00, 0x00, 0xff,
    0x60, 0x00, 0x00, 0xff, 0x80, 0x80, 0x80, 0xff, 0x80, 0x80, 0x80, 0xff,
    0x80, 0x80, 0x80, 0xff, 0x80, 0x80, 0x80, 0xff, 0x80, 0x80, 0x80, 0xff,
    0x80, 0x80, 0x80, 0xff, 0x80, 0x80, 0x80, 0xff, 0x80, 0x80, 0x80, 0xff,
    0x80, 0x80, 0x80, 0xff, 0x80, 0x80, 0x80, 0xff, 0x80, 0x80, 0x80, 0xff,
    0x80, 0x80, 0x80, 0xff, 0x80, 0x80, 0x80, 0xff, 0x80, 0x80, 0x80, 0xff,
    0x60, 0x00, 0x00, 0xff, 0x60, 0x00, 0x00, 0xff, 0x00, 0x00, 0x00, 0x00,
    0x00, 0x00, 0x00, 0x00, 0x00, 0x00, 0x00, 0x00, 0x00, 0x00, 0x00, 0x00,
    0x00, 0x00, 0x00, 0x00, 0x00, 0x00, 0x00, 0x00, 0x00, 0x00, 0x00, 0x00,
    0x00, 0x00, 0x00, 0x00, 0x00, 0x00, 0x00, 0x00, 0x00, 0x00, 0x00, 0x00,
    0x00, 0x00, 0x00, 0x00, 0x00, 0x00, 0x00, 0x00, 0x00, 0x00, 0x00, 0x00,
    0x00, 0x00, 0x00, 0x00, 0x00, 0x00, 0x00, 0x00, 0x00, 0x00, 0x00, 0x00,
    0x00, 0x00, 0x00, 0x00, 0x00, 0x00, 0x00, 0x00, 0x00, 0x00, 0x00, 0x00,
    0x00, 0x00, 0x00, 0x00, 0x00, 0x00, 0x00, 0x00, 0x00, 0x00, 0x00, 0x00,
    0x00, 0x00, 0x00, 0x00, 0x00, 0x00, 0x00, 0x00, 0x00, 0x00, 0x00, 0x00,
    0x00, 0x00, 0x00, 0x00, 0x00, 0x00, 0x00, 0x00, 0x00, 0x00, 0x00, 0x00,
    0x00, 0x00, 0x00, 0x00, 0x00, 0x00, 0x00, 0x00, 0x00, 0x00, 0x00, 0x00,
    0x00, 0x00, 0x00, 0x00, 0x00, 0x00, 0x00, 0x00, 0x00, 0x00, 0x00, 0x00,
    0x00, 0x00, 0x00, 0x00, 0x00, 0x00, 0x00, 0x00, 0x00, 0x00, 0x00, 0x00,
    0x00, 0x00, 0x00, 0x00, 0x00, 0x00, 0x00, 0x00, 0x00, 0x00, 0x00, 0x00,
    0x00, 0x00, 0x00, 0x00, 0x00, 0x00, 0x00, 0x00, 0x00, 0x00, 0x00, 0x00,
    0x00, 0x00, 0x00, 0x00, 0x60, 0x00, 0x00, 0xff, 0x60, 0x00, 0x00, 0xff,
    0x80, 0x80, 0x80, 0xff, 0x80, 0x80, 0x80, 0xff, 0x80, 0x80, 0x80, 0xff,
    0x80, 0x80, 0x80, 0xff, 0x80, 0x80, 0x80, 0xff, 0x80, 0x80, 0x80, 0xff,
    0x80, 0x80, 0x80, 0xff, 0x80, 0x80, 0x80, 0xff, 0x80, 0x80, 0x80, 0xff,
    0x80, 0x80, 0x80, 0xff, 0x80, 0x80, 0x80, 0xff, 0x80, 0x80, 0x80, 0xff,
    0x80, 0x80, 0x80, 0xff, 0x80, 0x80, 0x80, 0xff, 0x60, 0x00, 0x00, 0xff,
    0x60, 0x00, 0x00, 0xff, 0x60, 0x00, 0x00, 0xff, 0x60, 0x00, 0x00, 0xff,
    0x00, 0x00, 0x00, 0x00, 0x00, 0x00, 0x00, 0x00, 0x00, 0x00, 0x00, 0x00,
    0x00, 0x00, 0x00, 0x00, 0x00, 0x00, 0x00, 0x00, 0x00, 0x00, 0x00, 0x00,
    0x00, 0x00, 0x00, 0x00, 0x00, 0x00, 0x00, 0x00, 0x00, 0x00, 0x00, 0x00,
    0x00, 0x00, 0x00, 0x00, 0x00, 0x00, 0x00, 0x00, 0x00, 0x00, 0x00, 0x00,
    0x00, 0x00, 0x00, 0x00, 0x00, 0x00, 0x00, 0x00, 0x00, 0x00, 0x00, 0x00,
    0x00, 0x00, 0x00, 0x00, 0x00, 0x00, 0x00, 0x00, 0x00, 0x00, 0x00, 0x00,
    0x00, 0x00, 0x00, 0x00, 0x00, 0x00, 0x00, 0x00, 0x00, 0x00, 0x00, 0x00,
    0x00, 0x00, 0x00, 0x00, 0x00, 0x00, 0x00, 0x00, 0x00, 0x00, 0x00, 0x00,
    0x00, 0x00, 0x00, 0x00, 0x00, 0x00, 0x00, 0x00, 0x00, 0x00, 0x00, 0x00,
    0x00, 0x00, 0x00, 0x00, 0x00, 0x00, 0x00, 0x00, 0x00, 0x00, 0x00, 0x00,
    0x00, 0x00, 0x00, 0x00, 0x00, 0x00, 0x00, 0x00, 0x00, 0x00, 0x00, 0x00,
    0x00, 0x00, 0x00, 0x00, 0x00, 0x00, 0x00, 0x00, 0x00, 0x00, 0x00, 0x00,
    0x00, 0x00, 0x00, 0x00, 0x00, 0x00, 0x00, 0x00, 0x00, 0x00, 0x00, 0x00,
    0x00, 0x00, 0x00, 0x00, 0x00, 0x00, 0x00, 0x00, 0x00, 0x00, 0x00, 0x00,
    0x00, 0x00, 0x00, 0x00, 0x00, 0x00, 0x00, 0x00, 0x60, 0x00, 0x00, 0xff,
    0x60, 0x00, 0x00, 0xff, 0x60, 0x00, 0x00, 0xff, 0x60, 0x00, 0x00, 0xff,
    0x80, 0x80, 0x80, 0xff, 0x80, 0x80, 0x80, 0xff, 0x80, 0x80, 0x80, 0xff,
    0x80, 0x80, 0x80, 0xff, 0x80, 0x80, 0x80, 0xff, 0x80, 0x80, 0x80, 0xff,
    0x80, 0x80, 0x80, 0xff, 0x80, 0x80, 0x80, 0xff, 0x80, 0x80, 0x80, 0xff,
    0x80, 0x80, 0x80, 0xff, 0x80, 0x80, 0x80, 0xff, 0x80, 0x80, 0x80, 0xff,
    0x80, 0x80, 0x80, 0xff, 0x80, 0x80, 0x80, 0xff, 0x60, 0x00, 0x00, 0xff,
    0x60, 0x00, 0x00, 0xff, 0x00, 0x00, 0x00, 0x00, 0x00, 0x00, 0x00, 0x00,
    0x00, 0x00, 0x00, 0x00, 0x00, 0x00, 0x00, 0x00, 0x00, 0x00, 0x00, 0x00,
    0x00, 0x00, 0x00, 0x00, 0x00, 0x00, 0x00, 0x00, 0x00, 0x00, 0x00, 0x00,
    0x00, 0x00, 0x00, 0x00, 0x00, 0x00, 0x00, 0x00, 0x00, 0x00, 0x00, 0x00,
    0x00, 0x00, 0x00, 0x00, 0x00, 0x00, 0x00, 0x00, 0x00, 0x00, 0x00, 0x00,
    0x00, 0x00, 0x00, 0x00, 0x00, 0x00, 0x00, 0x00, 0x00, 0x00, 0x00, 0x00,
    0x00, 0x00, 0x00, 0x00, 0x00, 0x00, 0x00, 0x00, 0x00, 0x00, 0x00, 0x00,
    0x00, 0x00, 0x00, 0x00, 0x00, 0x00, 0x00, 0x00, 0x00, 0x00, 0x00, 0x00,
    0x00, 0x00, 0x00, 0x00, 0x00, 0x00, 0x00, 0x00, 0x00, 0x00, 0x00, 0x00,
    0x00, 0x00, 0x00, 0x00, 0x00, 0x00, 0x00, 0x00, 0x00, 0x00, 0x00, 0x00,
    0x00, 0x00, 0x00, 0x00, 0x00, 0x00, 0x00, 0x00, 0x00, 0x00, 0x00, 0x00,
    0x00, 0x00, 0x00, 0x00, 0x00, 0x00, 0x00, 0x00, 0x00, 0x00, 0x00, 0x00,
    0x00, 0x00, 0x00, 0x00, 0x00, 0x00, 0x00, 0x00, 0x00, 0x00, 0x00, 0x00,
    0x00, 0x00, 0x00, 0x00, 0x00, 0x00, 0x00, 0x00, 0x00, 0x00, 0x00, 0x00,
    0x00, 0x00, 0x00, 0x00, 0x00, 0x00, 0x00, 0x00, 0x00, 0x00, 0x00, 0x00,
    0x60, 0x00, 0x00, 0xff, 0x60, 0x00, 0x00, 0xff, 0x80, 0x80, 0x80, 0xff,
    0x80, 0x80, 0x80, 0xff, 0x80, 0x80, 0x80, 0xff, 0x80, 0x80, 0x80, 0xff,
    0x80, 0x80, 0x80, 0xff, 0x80, 0x80, 0x80, 0xff, 0x80, 0x80, 0x80, 0xff,
    0x80, 0x80, 0x80, 0xff, 0x80, 0x80, 0x80, 0xff, 0x80, 0x80, 0x80, 0xff,
    0x80, 0x80, 0x80, 0xff, 0x80, 0x80, 0x80, 0xff, 0x80, 0x80, 0x80, 0xff,
    0x80, 0x80, 0x80, 0xff, 0x80, 0x80, 0x80, 0xff, 0x80, 0x80, 0x80, 0xff,
    0x80, 0x80, 0x80, 0xff, 0x80, 0x80, 0x80, 0xff, 0x60, 0x00, 0x00, 0xff,
    0x60, 0x00, 0x00, 0xff, 0x60, 0x00, 0x00, 0xff, 0x60, 0x00, 0x00, 0xff,
    0x00, 0x00, 0x00, 0x00, 0x00, 0x00, 0x00, 0x00, 0x00, 0x00, 0x00, 0x00,
    0x00, 0x00, 0x00, 0x00, 0x00, 0x00, 0x00, 0x00, 0x00, 0x00, 0x00, 0x00,
    0x00, 0x00, 0x00, 0x00, 0x00, 0x00, 0x00, 0x00, 0x00, 0x00, 0x00, 0x00,
    0x00, 0x00, 0x00, 0x00, 0x00, 0x00, 0x00, 0x00, 0x00, 0x00, 0x00, 0x00,
    0x00, 0x00, 0x00, 0x00, 0x00, 0x00, 0x00, 0x00, 0x00, 0x00, 0x00, 0x00,
    0x00, 0x00, 0x00, 0x00, 0x00, 0x00, 0x00, 0x00, 0x00, 0x00, 0x00, 0x00,
    0x00, 0x00, 0x00, 0x00, 0x00, 0x00, 0x00, 0x00, 0x00, 0x00, 0x00, 0x00,
    0x00, 0x00, 0x00, 0x00, 0x00, 0x00, 0x00, 0x00, 0x00, 0x00, 0x00, 0x00,
    0x00, 0x00, 0x00, 0x00, 0x00, 0x00, 0x00, 0x00, 0x00, 0x00, 0x00, 0x00,
    0x00, 0x00, 0x00, 0x00, 0x00, 0x00, 0x00, 0x00, 0x00, 0x00, 0x00, 0x00,
    0x00, 0x00, 0x00, 0x00, 0x00, 0x00, 0x00, 0x00, 0x00, 0x00, 0x00, 0x00,
    0x00, 0x00, 0x00, 0x00, 0x00, 0x00, 0x00, 0x00, 0x00, 0x00, 0x00, 0x00,
    0x60, 0x00, 0x00, 0xff, 0x60, 0x00, 0x00, 0xff, 0x60, 0x00, 0x00, 0xff,
    0x60, 0x00, 0x00, 0xff, 0x80, 0x80, 0x80, 0xff, 0x80, 0x80, 0x80, 0xff,
    0x80, 0x80, 0x80, 0xff, 0x80, 0x80, 0x80, 0xff, 0x80, 0x80, 0x80, 0xff,
    0x80, 0x80, 0x80, 0xff, 0x80, 0x80, 0x80, 0xff, 0x80, 0x80, 0x80, 0xff,
    0x80, 0x80, 0x80, 0xff, 0x80, 0x80, 0x80, 0xff, 0x80, 0x80, 0x80, 0xff,
    0x80, 0x80, 0x80, 0xff, 0x80, 0x80, 0x80, 0xff, 0x80, 0x80, 0x80, 0xff,
    0x80, 0x80, 0x80, 0xff, 0x80, 0x80, 0x80, 0xff, 0x80, 0x80, 0x80, 0xff,
    0x80, 0x80, 0x80, 0xff, 0x60, 0x00, 0x00, 0xff, 0x60, 0x00, 0x00, 0xff,
    0x00, 0x00, 0x00, 0x00, 0x00, 0x00, 0x00, 0x00, 0x00, 0x00, 0x00, 0x00,
    0x00, 0x00, 0x00, 0x00, 0x00, 0x00, 0x00, 0x00, 0x00, 0x00, 0x00, 0x00,
    0x00, 0x00, 0x00, 0x00, 0x00, 0x00, 0x00, 0x00, 0x00, 0x00, 0x00, 0x00,
    0x00, 0x00, 0x00, 0x00, 0x00, 0x00, 0x00, 0x00, 0x00, 0x00, 0x00, 0x00,
    0x00, 0x00, 0x00, 0x00, 0x00, 0x00, 0x00, 0x00, 0x00, 0x00, 0x00, 0x00,
    0x00, 0x00, 0x00, 0x00, 0x00, 0x00, 0x00, 0x00, 0x00, 0x00, 0x00, 0x00,
    0x00, 0x00, 0x00, 0x00, 0x00, 0x00, 0x00, 0x00, 0x00, 0x00, 0x00, 0x00,
    0x00, 0x00, 0x00, 0x00, 0x00, 0x00, 0x00, 0x00, 0x00, 0x00, 0x00, 0x00,
    0x00, 0x00, 0x00, 0x00, 0x00, 0x00, 0x00, 0x00, 0x00, 0x00, 0x00, 0x00,
    0x00, 0x00, 0x00, 0x00, 0x00, 0x00, 0x00, 0x00, 0x00, 0x00, 0x00, 0x00,
    0x00, 0x00, 0x00, 0x00, 0x00, 0x00, 0x00, 0x00, 0x00, 0x00, 0x00, 0x00,
    0x00, 0x00, 0x00, 0x00, 0x00, 0x00, 0x00, 0x00, 0x00, 0x00, 0x00, 0x00,
    0x00, 0x00, 0x00, 0x00, 0x00, 0x00, 0x00, 0x00, 0x00, 0x00, 0x00, 0x00,
    0x00, 0x00, 0x00, 0x00, 0x00, 0x00, 0x00, 0x00, 0x00, 0x00, 0x00, 0x00,
    0x00, 0x00, 0x00, 0x00, 0x00, 0x00, 0x00, 0x00, 0x60, 0x00, 0x00, 0xff,
    0x60, 0x00, 0x00, 0xff, 0x80, 0x80, 0x80, 0xff, 0x80, 0x80, 0x80, 0xff,
    0x80, 0x80, 0x80, 0xff, 0x80, 0x80, 0x80, 0xff, 0x80, 0x80, 0x80, 0xff,
    0x80, 0x80, 0x80, 0xff, 0x80, 0x80, 0x80, 0xff, 0x80, 0x80, 0x80, 0xff,
    0x80, 0x80, 0x80, 0xff, 0x80, 0x80, 0x80, 0xff, 0x80, 0x80, 0x80, 0xff,
    0x80, 0x80, 0x80, 0xff, 0x80, 0x80, 0x80, 0xff, 0x80, 0x80, 0x80, 0xff,
    0x80, 0x80, 0x80, 0xff, 0x80, 0x80, 0x80, 0xff, 0x80, 0x80, 0x80, 0xff,
    0x80, 0x80, 0x80, 0xff, 0x60, 0x00, 0x00, 0xff, 0x60, 0x00, 0x00, 0xff,
    0x60, 0x00, 0x00, 0xff, 0x60, 0x00, 0x00, 0xff, 0x00, 0x00, 0x00, 0x00,
    0x00, 0x00, 0x00, 0x00, 0x00, 0x00, 0x00, 0x00, 0x00, 0x00, 0x00, 0x00,
    0x00, 0x00, 0x00, 0x00, 0x00, 0x00, 0x00, 0x00, 0x00, 0x00, 0x00, 0x00,
    0x00, 0x00, 0x00, 0x00, 0x00, 0x00, 0x00, 0x00, 0x00, 0x00, 0x00, 0x00,
    0x00, 0x00, 0x00, 0x00, 0x00, 0x00, 0x00, 0x00, 0x00, 0x00, 0x00, 0x00,
    0x00, 0x00, 0x00, 0x00, 0x00, 0x00, 0x00, 0x00, 0x00, 0x00, 0x00, 0x00,
    0x00, 0x00, 0x00, 0x00, 0x00, 0x00, 0x00, 0x00, 0x00, 0x00, 0x00, 0x00,
    0x00, 0x00, 0x00, 0x00, 0x00, 0x00, 0x00, 0x00, 0x00, 0x00, 0x00, 0x00,
    0x00, 0x00, 0x00, 0x00, 0x00, 0x00, 0x00, 0x00, 0x00, 0x00, 0x00, 0x00,
    0x00, 0x00, 0x00, 0x00, 0x00, 0x00, 0x00, 0x00, 0x00, 0x00, 0x00, 0x00,
    0x00, 0x00, 0x00, 0x00, 0x00, 0x00, 0x00, 0x00, 0x00, 0x00, 0x00, 0x00,
    0x00, 0x00, 0x00, 0x00, 0x00, 0x00, 0x00, 0x00, 0x00, 0x00, 0x00, 0x00,
    0x00, 0x00, 0x00, 0x00, 0x00, 0x00, 0x00, 0x00, 0x60, 0x00, 0x00, 0xff,
    0x60, 0x00, 0x00, 0xff, 0x60, 0x00, 0x00, 0xff, 0x60, 0x00, 0x00, 0xff,
    0x80, 0x80, 0x80, 0xff, 0x80, 0x80, 0x80, 0xff, 0x80, 0x80, 0x80, 0xff,
    0x80, 0x80, 0x80, 0xff, 0x80, 0x80, 0x80, 0xff, 0x80, 0x80, 0x80, 0xff,
    0x80, 0x80, 0x80, 0xff, 0x80, 0x80, 0x80, 0xff, 0x80, 0x80, 0x80, 0xff,
    0x80, 0x80, 0x80, 0xff, 0x80, 0x80, 0x80, 0xff, 0x80, 0x80, 0x80, 0xff,
    0x80, 0x80, 0x80, 0xff, 0x80, 0x80, 0x80, 0xff, 0x80, 0x80, 0x80, 0xff,
    0x80, 0x80, 0x80, 0xff, 0x80, 0x80, 0x80, 0xff, 0x80, 0x80, 0x80, 0xff,
    0x60, 0x00, 0x00, 0xff, 0x60, 0x00, 0x00, 0xff, 0x00, 0x00, 0x00, 0x00,
    0x00, 0x00, 0x00, 0x00, 0x00, 0x00, 0x00, 0x00, 0x00, 0x00, 0x00, 0x00,
    0x00, 0x00, 0x00, 0x00, 0x00, 0x00, 0x00, 0x00, 0x00, 0x00, 0x00, 0x00,
    0x00, 0x00, 0x00, 0x00, 0x00, 0x00, 0x00, 0x00, 0x00, 0x00, 0x00, 0x00,
    0x00, 0x00, 0x00, 0x00, 0x00, 0x00, 0x00, 0x00, 0x00, 0x00, 0x00, 0x00,
    0x00, 0x00, 0x00, 0x00, 0x00, 0x00, 0x00, 0x00, 0x00, 0x00, 0x00, 0x00,
    0x00, 0x00, 0x00, 0x00, 0x00, 0x00, 0x00, 0x00, 0x00, 0x00, 0x00, 0x00,
    0x00, 0x00, 0x00, 0x00, 0x00, 0x00, 0x00, 0x00, 0x00, 0x00, 0x00, 0x00,
    0x00, 0x00, 0x00, 0x00, 0x00, 0x00, 0x00, 0x00, 0x00, 0x00, 0x00, 0x00,
    0x00, 0x00, 0x00, 0x00, 0x00, 0x00, 0x00, 0x00, 0x00, 0x00, 0x00, 0x00,
    0x00, 0x00, 0x00, 0x00, 0x00, 0x00, 0x00, 0x00, 0x00, 0x00, 0x00, 0x00,
    0x00, 0x00, 0x00, 0x00, 0x00, 0x00, 0x00, 0x00, 0x00, 0x00, 0x00, 0x00,
    0x00, 0x00, 0x00, 0x00, 0x00, 0x00, 0x00, 0x00, 0x00, 0x00, 0x00, 0x00,
    0x00, 0x00, 0x00, 0x00, 0x00, 0x00, 0x00, 0x00, 0x00, 0x00, 0x00, 0x00,
    0x00, 0x00, 0x00, 0x00, 0x00, 0x00, 0x00, 0x00, 0x00, 0x00, 0x00, 0x00,
    0x00, 0x00, 0x00, 0x00, 0x00, 0x00, 0x00, 0x00, 0x00, 0x00, 0x00, 0x00,
    0x60, 0x00, 0x00, 0xff, 0x60, 0x00, 0x00, 0xff, 0x60, 0x00, 0x00, 0xff,
    0x60, 0x00, 0x00, 0xff, 0x60, 0x00, 0x00, 0xff, 0x60, 0x00, 0x00, 0xff,
    0x60, 0x00, 0x00, 0xff, 0x60, 0x00, 0x00, 0xff, 0x60, 0x00, 0x00, 0xff,
    0x60, 0x00, 0x00, 0xff, 0x60, 0x00, 0x00, 0xff, 0x60, 0x00, 0x00, 0xff,
    0x60, 0x00, 0x00, 0xff, 0x60, 0x00, 0x00, 0xff, 0x60, 0x00, 0x00, 0xff,
    0x60, 0x00, 0x00, 0xff, 0x60, 0x00, 0x00, 0xff, 0x60, 0x00, 0x00, 0xff,
    0x60, 0x00, 0x00, 0xff, 0x60, 0x00, 0x00, 0xff, 0x60, 0x00, 0x00, 0xff,
    0x60, 0x00, 0x00, 0xff, 0x60, 0x00, 0x00, 0xff, 0x60, 0x00, 0x00, 0xff,
    0x60, 0x00, 0x00, 0xff, 0x60, 0x00, 0x00, 0xff, 0x60, 0x00, 0x00, 0xff,
    0x60, 0x00, 0x00, 0xff, 0x60, 0x00, 0x00, 0xff, 0x60, 0x00, 0x00, 0xff,
    0x60, 0x00, 0x00, 0xff, 0x60, 0x00, 0x00, 0xff, 0x60, 0x00, 0x00, 0xff,
    0x60, 0x00, 0x00, 0xff, 0x60, 0x00, 0x00, 0xff, 0x60, 0x00, 0x00, 0xff,
    0x60, 0x00, 0x00, 0xff, 0x60, 0x00, 0x00, 0xff, 0x60, 0x00, 0x00, 0xff,
    0x60, 0x00, 0x00, 0xff, 0x60, 0x00, 0x00, 0xff, 0x60, 0x00, 0x00, 0xff,
    0x60, 0x00, 0x00, 0xff, 0x60, 0x00, 0x00, 0xff, 0x60, 0x00, 0x00, 0xff,
    0x60, 0x00, 0x00, 0xff, 0x60, 0x00, 0x00, 0xff, 0x60, 0x00, 0x00, 0xff,
    0x60, 0x00, 0x00, 0xff, 0x60, 0x00, 0x00, 0xff, 0x60, 0x00, 0x00, 0xff,
    0x60, 0x00, 0x00, 0xff, 0x60, 0x00, 0x00, 0xff, 0x60, 0x00, 0x00, 0xff,
    0x60, 0x00, 0x00, 0xff, 0x60, 0x00, 0x00, 0xff, 0x60, 0x00, 0x00, 0xff,
    0x60, 0x00, 0x00, 0xff, 0x60, 0x00, 0x00, 0xff, 0x60, 0x00, 0x00, 0xff,
    0x60, 0x00, 0x00, 0xff, 0x60, 0x00, 0x00, 0xff, 0x60, 0x00, 0x00, 0xff,
    0x60, 0x00, 0x00, 0xff, 0x60, 0x00, 0x00, 0xff, 0x60, 0x00, 0x00, 0xff,
    0x60, 0x00, 0x00, 0xff, 0x60, 0x00, 0x00, 0xff, 0x60, 0x00, 0x00, 0xff,
    0x60, 0x00, 0x00, 0xff, 0x60, 0x00, 0x00, 0xff, 0x60, 0x00, 0x00, 0xff,
    0x60, 0x00, 0x00, 0xff, 0x60, 0x00, 0x00, 0xff, 0x60, 0x00, 0x00, 0xff,
    0x60, 0x00, 0x00, 0xff, 0x60, 0x00, 0x00, 0xff, 0x60, 0x00, 0x00, 0xff,
    0x60, 0x00, 0x00, 0xff, 0x60, 0x00, 0x00, 0xff, 0x00, 0x00, 0x00, 0x00,
    0x00, 0x00, 0x00, 0x00, 0x00, 0x00, 0x00, 0x00, 0x00, 0x00, 0x00, 0x00,
    0x00, 0x00, 0x00, 0x00, 0x00, 0x00, 0x00, 0x00, 0x00, 0x00, 0x00, 0x00,
    0x00, 0x00, 0x00, 0x00, 0x00, 0x00, 0x00, 0x00, 0x00, 0x00, 0x00, 0x00,
    0x00, 0x00, 0x00, 0x00, 0x00, 0x00, 0x00, 0x00, 0x00, 0x00, 0x00, 0x00,
    0x00, 0x00, 0x00, 0x00, 0x00, 0x00, 0x00, 0x00, 0x00, 0x00, 0x00, 0x00,
    0x00, 0x00, 0x00, 0x00, 0x00, 0x00, 0x00, 0x00, 0x00, 0x00, 0x00, 0x00,
    0x00, 0x00, 0x00, 0x00, 0x00, 0x00, 0x00, 0x00, 0x00, 0x00, 0x00, 0x00,
    0x00, 0x00, 0x00, 0x00, 0x00, 0x00, 0x00, 0x00, 0x00, 0x00, 0x00, 0x00,
    0x00, 0x00, 0x00, 0x00, 0x00, 0x00, 0x00, 0x00, 0x00, 0x00, 0x00, 0x00,
    0x00, 0x00, 0x00, 0x00, 0x00, 0x00, 0x00, 0x00, 0x00, 0x00, 0x00, 0x00,
    0x00, 0x00, 0x00, 0x00, 0x00, 0x00, 0x00, 0x00, 0x00, 0x00, 0x00, 0x00,
    0x00, 0x00, 0x00, 0x00, 0x00, 0x00, 0x00, 0x00, 0x00, 0x00, 0x00, 0x00,
    0x00, 0x00, 0x00, 0x00, 0x00, 0x00, 0x00, 0x00, 0x00, 0x00, 0x00, 0x00,
    0x00, 0x00, 0x00, 0x00, 0x00, 0x00, 0x00, 0x00, 0x00, 0x00, 0x00, 0x00,
    0x00, 0x00, 0x00, 0x00, 0x00, 0x00, 0x00, 0x00, 0x00, 0x00, 0x00, 0x00,
    0x00, 0x00, 0x00, 0x00, 0x00, 0x00, 0x00, 0x00, 0x60, 0x00, 0x00, 0xff,
    0x60, 0x00, 0x00, 0xff, 0x60, 0x00, 0x00, 0xff, 0x60, 0x00, 0x00, 0xff,
    0x60, 0x00, 0x00, 0xff, 0x60, 0x00, 0x00, 0xff, 0x60, 0x00, 0x00, 0xff,
    0x60, 0x00, 0x00, 0xff, 0x60, 0x00, 0x00, 0xff, 0x60, 0x00, 0x00, 0xff,
    0x60, 0x00, 0x00, 0xff, 0x60, 0x00, 0x00, 0xff, 0x60, 0x00, 0x00, 0xff,
    0x60, 0x00, 0x00, 0xff, 0x60, 0x00, 0x00, 0xff, 0x60, 0x00, 0x00, 0xff,
    0x60, 0x00, 0x00, 0xff, 0x60, 0x00, 0x00, 0xff, 0x60, 0x00, 0x00, 0xff,
    0x60, 0x00, 0x00, 0xff, 0x60, 0x00, 0x00, 0xff, 0x60, 0x00, 0x00, 0xff,
    0x60, 0x00, 0x00, 0xff, 0x60, 0x00, 0x00, 0xff, 0x60, 0x00, 0x00, 0xff,
    0x60, 0x00, 0x00, 0xff, 0x60, 0x00, 0x00, 0xff, 0x60, 0x00, 0x00, 0xff,
    0x60, 0x00, 0x00, 0xff, 0x60, 0x00, 0x00, 0xff, 0x60, 0x00, 0x00, 0xff,
    0x60, 0x00, 0x00, 0xff, 0x60, 0x00, 0x00, 0xff, 0x60, 0x00, 0x00, 0xff,
    0x60, 0x00, 0x00, 0xff, 0x60, 0x00, 0x00, 0xff, 0x60, 0x00, 0x00, 0xff,
    0x60, 0x00, 0x00, 0xff, 0x60, 0x00, 0x00, 0xff, 0x60, 0x00, 0x00, 0xff,
    0x60, 0x00, 0x00, 0xff, 0x60, 0x00, 0x00, 0xff, 0x60, 0x00, 0x00, 0xff,
    0x60, 0x00, 0x00, 0xff, 0x60, 0x00, 0x00, 0xff, 0x60, 0x00, 0x00, 0xff,
    0x60, 0x00, 0x00, 0xff, 0x60, 0x00, 0x00, 0xff, 0x60, 0x00, 0x00, 0xff,
    0x60, 0x00, 0x00, 0xff, 0x60, 0x00, 0x00, 0xff, 0x60, 0x00, 0x00, 0xff,
    0x60, 0x00, 0x00, 0xff, 0x60, 0x00, 0x00, 0xff, 0x60, 0x00, 0x00, 0xff,
    0x60, 0x00, 0x00, 0xff, 0x60, 0x00, 0x00, 0xff, 0x60, 0x00, 0x00, 0xff,
    0x60, 0x00, 0x00, 0xff, 0x60, 0x00, 0x00, 0xff, 0x60, 0x00, 0x00, 0xff,
    0x60, 0x00, 0x00, 0xff, 0x60, 0x00, 0x00, 0xff, 0x60, 0x00, 0x00, 0xff,
    0x60, 0x00, 0x00, 0xff, 0x60, 0x00, 0x00, 0xff, 0x60, 0x00, 0x00, 0xff,
    0x60, 0x00, 0x00, 0xff, 0x60, 0x00, 0x00, 0xff, 0x60, 0x00, 0x00, 0xff,
    0x60, 0x00, 0x00, 0xff, 0x60, 0x00, 0x00, 0xff, 0x60, 0x00, 0x00, 0xff,
    0x60, 0x00, 0x00, 0xff, 0x60, 0x00, 0x00, 0xff, 0x60, 0x00, 0x00, 0xff,
    0x60, 0x00, 0x00, 0xff, 0x60, 0x00, 0x00, 0xff, 0x60, 0x00, 0x00, 0xff,
    0x60, 0x00, 0x00, 0xff, 0x00, 0x00, 0x00, 0x00, 0x00, 0x00, 0x00, 0x00,
    0x00, 0x00, 0x00, 0x00, 0x00, 0x00, 0x00, 0x00, 0x00, 0x00, 0x00, 0x00,
    0x00, 0x00, 0x00, 0x00, 0x00, 0x00, 0x00, 0x00, 0x00, 0x00, 0x00, 0x00,
    0x00, 0x00, 0x00, 0x00, 0x00, 0x00, 0x00, 0x00, 0x00, 0x00, 0x00, 0x00,
    0x00, 0x00, 0x00, 0x00, 0x00, 0x00, 0x00, 0x00, 0x00, 0x00, 0x00, 0x00,
    0x00, 0x00, 0x00, 0x00, 0x00, 0x00, 0x00, 0x00, 0x00, 0x00, 0x00, 0x00,
    0x00, 0x00, 0x00, 0x00, 0x00, 0x00, 0x00, 0x00, 0x00, 0x00, 0x00, 0x00,
    0x00, 0x00, 0x00, 0x00, 0x00, 0x00, 0x00, 0x00, 0x00, 0x00, 0x00, 0x00,
    0x00, 0x00, 0x00, 0x00, 0x00, 0x00, 0x00, 0x00, 0x00, 0x00, 0x00, 0x00,
    0x00, 0x00, 0x00, 0x00, 0x00, 0x00, 0x00, 0x00, 0x00, 0x00, 0x00, 0x00,
    0x00, 0x00, 0x00, 0x00, 0x00, 0x00, 0x00, 0x00, 0x00, 0x00, 0x00, 0x00,
    0x00, 0x00, 0x00, 0x00, 0x00, 0x00, 0x00, 0x00, 0x00, 0x00, 0x00, 0x00,
    0x00, 0x00, 0x00, 0x00, 0x00, 0x00, 0x00, 0x00, 0x00, 0x00, 0x00, 0x00,
    0x00, 0x00, 0x00, 0x00, 0x00, 0x00, 0x00, 0x00, 0x00, 0x00, 0x00, 0x00,
    0x00, 0x00, 0x00, 0x00, 0x00, 0x00, 0x00, 0x00, 0x00, 0x00, 0x00, 0x00,
    0x00, 0x00, 0x00, 0x00, 0x00, 0x00, 0x00, 0x00, 0x00, 0x00, 0x00, 0x00,
    0x00, 0x00, 0x00, 0x00, 0x60, 0x00, 0x00, 0xff, 0x60, 0x00, 0x00, 0xff,
    0x80, 0x80, 0x80, 0xff, 0x80, 0x80, 0x80, 0xff, 0x80, 0x80, 0x80, 0xff,
    0x80, 0x80, 0x80, 0xff, 0x80, 0x80, 0x80, 0xff, 0x80, 0x80, 0x80, 0xff,
    0x80, 0x80, 0x80, 0xff, 0x80, 0x80, 0x80, 0xff, 0xa0, 0xa0, 0xa0, 0xff,
    0xa0, 0xa0, 0xa0, 0xff, 0xa0, 0xa0, 0xa0, 0xff, 0xa0, 0xa0, 0xa0, 0xff,
    0xa0, 0xa0, 0xa0, 0xff, 0xa0, 0xa0, 0xa0, 0xff, 0xa0, 0xa0, 0xa0, 0xff,
    0xa0, 0xa0, 0xa0, 0xff, 0xa0, 0xa0, 0xa0, 0xff, 0xa0, 0xa0, 0xa0, 0xff,
    0xa0, 0xa0, 0xa0, 0xff, 0xa0, 0xa0, 0xa0, 0xff, 0xc8, 0xc8, 0xc8, 0xff,
    0xc8, 0xc8, 0xc8, 0xff, 0xc8, 0xc8, 0xc8, 0xff, 0xc8, 0xc8, 0xc8, 0xff,
    0xc8, 0xc8, 0xc8, 0xff, 0xc8, 0xc8, 0xc8, 0xff, 0xc8, 0xc8, 0xc8, 0xff,
    0xc8, 0xc8, 0xc8, 0xff, 0xf8, 0xf8, 0xf8, 0xff, 0xf8, 0xf8, 0xf8, 0xff,
    0xf8, 0xf8, 0xf8, 0xff, 0xf8, 0xf8, 0xf8, 0xff, 0xf8, 0xf8, 0xf8, 0xff,
    0xf8, 0xf8, 0xf8, 0xff, 0xf8, 0xf8, 0xf8, 0xff, 0xf8, 0xf8, 0xf8, 0xff,
    0xf8, 0xf8, 0xf8, 0xff, 0xf8, 0xf8, 0xf8, 0xff, 0xf8, 0xf8, 0xf8, 0xff,
    0xf8, 0xf8, 0xf8, 0xff, 0xf8, 0xf8, 0xf8, 0xff, 0xf8, 0xf8, 0xf8, 0xff,
    0xf8, 0xf8, 0xf8, 0xff, 0xf8, 0xf8, 0xf8, 0xff, 0xf8, 0xf8, 0xf8, 0xff,
    0xf8, 0xf8, 0xf8, 0xff, 0xf8, 0xf8, 0xf8, 0xff, 0xf8, 0xf8, 0xf8, 0xff,
    0xc8, 0xc8, 0xc8, 0xff, 0xc8, 0xc8, 0xc8, 0xff, 0xc8, 0xc8, 0xc8, 0xff,
    0xc8, 0xc8, 0xc8, 0xff, 0xc8, 0xc8, 0xc8, 0xff, 0xc8, 0xc8, 0xc8, 0xff,
    0xc8, 0xc8, 0xc8, 0xff, 0xc8, 0xc8, 0xc8, 0xff, 0xc8, 0xc8, 0xc8, 0xff,
    0xc8, 0xc8, 0xc8, 0xff, 0xa0, 0xa0, 0xa0, 0xff, 0xa0, 0xa0, 0xa0, 0xff,
    0xa0, 0xa0, 0xa0, 0xff, 0xa0, 0xa0, 0xa0, 0xff, 0xa0, 0xa0, 0xa0, 0xff,
    0xa0, 0xa0, 0xa0, 0xff, 0x00, 0x00, 0xf8, 0xff, 0x00, 0x00, 0xf8, 0xff,
    0x00, 0x00, 0xf8, 0xff, 0x00, 0x00, 0xf8, 0xff, 0x80, 0x80, 0x80, 0xff,
    0x80, 0x80, 0x80, 0xff, 0xf8, 0x60, 0x00, 0xff, 0xf8, 0x60, 0x00, 0xff,
    0xf8, 0x60, 0x00, 0xff, 0xf8, 0x60, 0x00, 0xff, 0x80, 0x80, 0x80, 0xff,
    0x80, 0x80, 0x80, 0xff, 0x60, 0x00, 0x00, 0xff, 0x60, 0x00, 0x00, 0xff,
    0x00, 0x00, 0x00, 0x00, 0x00, 0x00, 0x00, 0x00, 0x00, 0x00, 0x00, 0x00,
    0x00, 0x00, 0x00, 0x00, 0x00, 0x00, 0x00, 0x00, 0x00, 0x00, 0x00, 0x00,
    0x00, 0x00, 0x00, 0x00, 0x00, 0x00, 0x00, 0x00, 0x00, 0x00, 0x00, 0x00,
    0x00, 0x00, 0x00, 0x00, 0x00, 0x00, 0x00, 0x00, 0x00, 0x00, 0x00, 0x00,
    0x00, 0x00, 0x00, 0x00, 0x00, 0x00, 0x00, 0x00, 0x00, 0x00, 0x00, 0x00,
    0x00, 0x00, 0x00, 0x00, 0x00, 0x00, 0x00, 0x00, 0x00, 0x00, 0x00, 0x00,
    0x00, 0x00, 0x00, 0x00, 0x00, 0x00, 0x00, 0x00, 0x00, 0x00, 0x00, 0x00,
    0x00, 0x00, 0x00, 0x00, 0x00, 0x00, 0x00, 0x00, 0x00, 0x00, 0x00, 0x00,
    0x00, 0x00, 0x00, 0x00, 0x00, 0x00, 0x00, 0x00, 0x00, 0x00, 0x00, 0x00,
    0x00, 0x00, 0x00, 0x00, 0x00, 0x00, 0x00, 0x00, 0x00, 0x00, 0x00, 0x00,
    0x00, 0x00, 0x00, 0x00, 0x00, 0x00, 0x00, 0x00, 0x00, 0x00, 0x00, 0x00,
    0x00, 0x00, 0x00, 0x00, 0x00, 0x00, 0x00, 0x00, 0x00, 0x00, 0x00, 0x00,
    0x00, 0x00, 0x00, 0x00, 0x00, 0x00, 0x00, 0x00, 0x00, 0x00, 0x00, 0x00,
    0x00, 0x00, 0x00, 0x00, 0x00, 0x00, 0x00, 0x00, 0x00, 0x00, 0x00, 0x00,
    0x00, 0x00, 0x00, 0x00, 0x00, 0x00, 0x00, 0x00, 0x00, 0x00, 0x00, 0x00,
    0x00, 0x00, 0x00, 0x00, 0x00, 0x00, 0x00, 0x00, 0x00, 0x00, 0x00, 0x00,
    0x60, 0x00, 0x00, 0xff, 0x60, 0x00, 0x00, 0xff, 0x80, 0x80, 0x80, 0xff,
    0x80, 0x80, 0x80, 0xff, 0x80, 0x80, 0x80, 0xff, 0x80, 0x80, 0x80, 0xff,
    0x80, 0x80, 0x80, 0xff, 0x80, 0x80, 0x80, 0xff, 0x80, 0x80, 0x80, 0xff,
    0x80, 0x80, 0x80, 0xff, 0xa0, 0xa0, 0xa0, 0xff, 0xa0, 0xa0, 0xa0, 0xff,
    0xa0, 0xa0, 0xa0, 0xff, 0xa0, 0xa0, 0xa0, 0xff, 0xa0, 0xa0, 0xa0, 0xff,
    0xa0, 0xa0, 0xa0, 0xff, 0xa0, 0xa0, 0xa0, 0xff, 0xa0, 0xa0, 0xa0, 0xff,
    0xa0, 0xa0, 0xa0, 0xff, 0xa0, 0xa0, 0xa0, 0xff, 0xa0, 0xa0, 0xa0, 0xff,
    0xa0, 0xa0, 0xa0, 0xff, 0xc8, 0xc8, 0xc8, 0xff, 0xc8, 0xc8, 0xc8, 0xff,
    0xc8, 0xc8, 0xc8, 0xff, 0xc8, 0xc8, 0xc8, 0xff, 0xc8, 0xc8, 0xc8, 0xff,
    0xc8, 0xc8, 0xc8, 0xff, 0xc8, 0xc8, 0xc8, 0xff, 0xc8, 0xc8, 0xc8, 0xff,
    0xf8, 0xf8, 0xf8, 0xff, 0xf8, 0xf8, 0xf8, 0xff, 0xf8, 0xf8, 0xf8, 0xff,
    0xf8, 0xf8, 0xf8, 0xff, 0xf8, 0xf8, 0xf8, 0xff, 0xf8, 0xf8, 0xf8, 0xff,
    0xf8, 0xf8, 0xf8, 0xff, 0xf8, 0xf8, 0xf8, 0xff, 0xf8, 0xf8, 0xf8, 0xff,
    0xf8, 0xf8, 0xf8, 0xff, 0xf8, 0xf8, 0xf8, 0xff, 0xf8, 0xf8, 0xf8, 0xff,
    0xf8, 0xf8, 0xf8, 0xff, 0xf8, 0xf8, 0xf8, 0xff, 0xf8, 0xf8, 0xf8, 0xff,
    0xf8, 0xf8, 0xf8, 0xff, 0xf8, 0xf8, 0xf8, 0xff, 0xf8, 0xf8, 0xf8, 0xff,
    0xf8, 0xf8, 0xf8, 0xff, 0xf8, 0xf8, 0xf8, 0xff, 0xc8, 0xc8, 0xc8, 0xff,
    0xc8, 0xc8, 0xc8, 0xff, 0xc8, 0xc8, 0xc8, 0xff, 0xc8, 0xc8, 0xc8, 0xff,
    0xc8, 0xc8, 0xc8, 0xff, 0xc8, 0xc8, 0xc8, 0xff, 0xc8, 0xc8, 0xc8, 0xff,
    0xc8, 0xc8, 0xc8, 0xff, 0xc8, 0xc8, 0xc8, 0xff, 0xc8, 0xc8, 0xc8, 0xff,
    0xa0, 0xa0, 0xa0, 0xff, 0xa0, 0xa0, 0xa0, 0xff, 0xa0, 0xa0, 0xa0, 0xff,
    0xa0, 0xa0, 0xa0, 0xff, 0xa0, 0xa0, 0xa0, 0xff, 0xa0, 0xa0, 0xa0, 0xff,
    0x00, 0x00, 0xf8, 0xff, 0x00, 0x00, 0xf8, 0xff, 0x00, 0x00, 0xf8, 0xff,
    0x00, 0x00, 0xf8, 0xff, 0x80, 0x80, 0x80, 0xff, 0x80, 0x80, 0x80, 0xff,
    0xf8, 0x60, 0x00, 0xff, 0xf8, 0x60, 0x00, 0xff, 0xf8, 0x60, 0x00, 0xff,
    0xf8, 0x60, 0x00, 0xff, 0x80, 0x80, 0x80, 0xff, 0x80, 0x80, 0x80, 0xff,
    0x60, 0x00, 0x00, 0xff, 0x60, 0x00, 0x00, 0xff, 0x00, 0x00, 0x00, 0x00,
    0x00, 0x00, 0x00, 0x00, 0x00, 0x00, 0x00, 0x00, 0x00, 0x00, 0x00, 0x00,
    0x00, 0x00, 0x00, 0x00, 0x00, 0x00, 0x00, 0x00, 0x00, 0x00, 0x00, 0x00,
    0x00, 0x00, 0x00, 0x00, 0x00, 0x00, 0x00, 0x00, 0x00, 0x00, 0x00, 0x00,
    0x00, 0x00, 0x00, 0x00, 0x00, 0x00, 0x00, 0x00, 0x00, 0x00, 0x00, 0x00,
    0x00, 0x00, 0x00, 0x00, 0x00, 0x00, 0x00, 0x00, 0x00, 0x00, 0x00, 0x00,
    0x00, 0x00, 0x00, 0x00, 0x00, 0x00, 0x00, 0x00, 0x00, 0x00, 0x00, 0x00,
    0x00, 0x00, 0x00, 0x00, 0x00, 0x00, 0x00, 0x00, 0x00, 0x00, 0x00, 0x00,
    0x00, 0x00, 0x00, 0x00, 0x00, 0x00, 0x00, 0x00, 0x00, 0x00, 0x00, 0x00,
    0x00, 0x00, 0x00, 0x00, 0x00, 0x00, 0x00, 0x00, 0x00, 0x00, 0x00, 0x00,
    0x00, 0x00, 0x00, 0x00, 0x00, 0x00, 0x00, 0x00, 0x00, 0x00, 0x00, 0x00,
    0x00, 0x00, 0x00, 0x00, 0x00, 0x00, 0x00, 0x00, 0x00, 0x00, 0x00, 0x00,
    0x00, 0x00, 0x00, 0x00, 0x00, 0x00, 0x00, 0x00, 0x00, 0x00, 0x00, 0x00,
    0x00, 0x00, 0x00, 0x00, 0x00, 0x00, 0x00, 0x00, 0x00, 0x00, 0x00, 0x00,
    0x00, 0x00, 0x00, 0x00, 0x00, 0x00, 0x00, 0x00, 0x00, 0x00, 0x00, 0x00,
    0x00, 0x00, 0x00, 0x00, 0x00, 0x00, 0x00, 0x00, 0x00, 0x00, 0x00, 0x00,
    0x00, 0x00, 0x00, 0x00, 0x00, 0x00, 0x00, 0x00, 0x00, 0x00, 0x00, 0x00,
    0x00, 0x00, 0x00, 0x00, 0x60, 0x00, 0x00, 0xff, 0x60, 0x00, 0x00, 0xff,
    0x60, 0x00, 0x00, 0xff, 0x60, 0x00, 0x00, 0xff, 0x60, 0x00, 0x00, 0xff,
    0x60, 0x00, 0x00, 0xff, 0x60, 0x00, 0x00, 0xff, 0x60, 0x00, 0x00, 0xff,
    0x60, 0x00, 0x00, 0xff, 0x60, 0x00, 0x00, 0xff, 0x60, 0x00, 0x00, 0xff,
    0x60, 0x00, 0x00, 0xff, 0x60, 0x00, 0x00, 0xff, 0x60, 0x00, 0x00, 0xff,
    0x60, 0x00, 0x00, 0xff, 0x60, 0x00, 0x00, 0xff, 0x60, 0x00, 0x00, 0xff,
    0x60, 0x00, 0x00, 0xff, 0x60, 0x00, 0x00, 0xff, 0x60, 0x00, 0x00, 0xff,
    0x60, 0x00, 0x00, 0xff, 0x60, 0x00, 0x00, 0xff, 0x60, 0x00, 0x00, 0xff,
    0x60, 0x00, 0x00, 0xff, 0x60, 0x00, 0x00, 0xff, 0x60, 0x00, 0x00, 0xff,
    0x60, 0x00, 0x00, 0xff, 0x60, 0x00, 0x00, 0xff, 0x60, 0x00, 0x00, 0xff,
    0x60, 0x00, 0x00, 0xff, 0x60, 0x00, 0x00, 0xff, 0x60, 0x00, 0x00, 0xff,
    0x60, 0x00, 0x00, 0xff, 0x60, 0x00, 0x00, 0xff, 0x60, 0x00, 0x00, 0xff,
    0x60, 0x00, 0x00, 0xff, 0x60, 0x00, 0x00, 0xff, 0x60, 0x00, 0x00, 0xff,
    0x60, 0x00, 0x00, 0xff, 0x60, 0x00, 0x00, 0xff, 0x60, 0x00, 0x00, 0xff,
    0x60, 0x00, 0x00, 0xff, 0x60, 0x00, 0x00, 0xff, 0x60, 0x00, 0x00, 0xff,
    0x60, 0x00, 0x00, 0xff, 0x60, 0x00, 0x00, 0xff, 0x60, 0x00, 0x00, 0xff,
    0x60, 0x00, 0x00, 0xff, 0x60, 0x00, 0x00, 0xff, 0x60, 0x00, 0x00, 0xff,
    0x60, 0x00, 0x00, 0xff, 0x60, 0x00, 0x00, 0xff, 0x60, 0x00, 0x00, 0xff,
    0x60, 0x00, 0x00, 0xff, 0x60, 0x00, 0x00, 0xff, 0x60, 0x00, 0x00, 0xff,
    0x60, 0x00, 0x00, 0xff, 0x60, 0x00, 0x00, 0xff, 0x60, 0x00, 0x00, 0xff,
    0x60, 0x00, 0x00, 0xff, 0x60, 0x00, 0x00, 0xff, 0x60, 0x00, 0x00, 0xff,
    0x60, 0x00, 0x00, 0xff, 0x60, 0x00, 0x00, 0xff, 0x60, 0x00, 0x00, 0xff,
    0x60, 0x00, 0x00, 0xff, 0x60, 0x00, 0x00, 0xff, 0x60, 0x00, 0x00, 0xff,
    0x60, 0x00, 0x00, 0xff, 0x60, 0x00, 0x00, 0xff, 0x60, 0x00, 0x00, 0xff,
    0x60, 0x00, 0x00, 0xff, 0x60, 0x00, 0x00, 0xff, 0x60, 0x00, 0x00, 0xff,
    0x60, 0x00, 0x00, 0xff, 0x60, 0x00, 0x00, 0xff, 0x00, 0x00, 0x00, 0x00,
    0x00, 0x00, 0x00, 0x00, 0x00, 0x00, 0x00, 0x00, 0x00, 0x00, 0x00, 0x00,
    0x00, 0x00, 0x00, 0x00, 0x00, 0x00, 0x00, 0x00, 0x00, 0x00, 0x00, 0x00,
    0x00, 0x00, 0x00, 0x00, 0x00, 0x00, 0x00, 0x00, 0x00, 0x00, 0x00, 0x00,
    0x00, 0x00, 0x00, 0x00, 0x00, 0x00, 0x00, 0x00, 0x00, 0x00, 0x00, 0x00,
    0x00, 0x00, 0x00, 0x00, 0x00, 0x00, 0x00, 0x00, 0x00, 0x00, 0x00, 0x00,
    0x00, 0x00, 0x00, 0x00, 0x00, 0x00, 0x00, 0x00, 0x00, 0x00, 0x00, 0x00,
    0x00, 0x00, 0x00, 0x00, 0x00, 0x00, 0x00, 0x00, 0x00, 0x00, 0x00, 0x00,
    0x00, 0x00, 0x00, 0x00, 0x00, 0x00, 0x00, 0x00, 0x00, 0x00, 0x00, 0x00,
    0x00, 0x00, 0x00, 0x00, 0x00, 0x00, 0x00, 0x00, 0x00, 0x00, 0x00, 0x00,
    0x00, 0x00, 0x00, 0x00, 0x00, 0x00, 0x00, 0x00, 0x00, 0x00, 0x00, 0x00,
    0x00, 0x00, 0x00, 0x00, 0x00, 0x00, 0x00, 0x00, 0x00, 0x00, 0x00, 0x00,
    0x00, 0x00, 0x00, 0x00, 0x00, 0x00, 0x00, 0x00, 0x00, 0x00, 0x00, 0x00,
    0x00, 0x00, 0x00, 0x00, 0x00, 0x00, 0x00, 0x00, 0x00, 0x00, 0x00, 0x00,
    0x00, 0x00, 0x00, 0x00, 0x00, 0x00, 0x00, 0x00, 0x00, 0x00, 0x00, 0x00,
    0x00, 0x00, 0x00, 0x00, 0x00, 0x00, 0x00, 0x00, 0x00, 0x00, 0x00, 0x00,
    0x00, 0x00, 0x00, 0x00, 0x00, 0x00, 0x00, 0x00, 0x00, 0x00, 0x00, 0x00,
    0x00, 0x00, 0x00, 0x00, 0x00, 0x00, 0x00, 0x00, 0x00, 0x00, 0x00, 0x00,
    0x60, 0x00, 0x00, 0xff, 0x60, 0x00, 0x00, 0xff, 0x60, 0x00, 0x00, 0xff,
    0x60, 0x00, 0x00, 0xff, 0x60, 0x00, 0x00, 0xff, 0x60, 0x00, 0x00, 0xff,
    0x60, 0x00, 0x00, 0xff, 0x60, 0x00, 0x00, 0xff, 0x60, 0x00, 0x00, 0xff,
    0x60, 0x00, 0x00, 0xff, 0x60, 0x00, 0x00, 0xff, 0x60, 0x00, 0x00, 0xff,
    0x60, 0x00, 0x00, 0xff, 0x60, 0x00, 0x00, 0xff, 0x60, 0x00, 0x00, 0xff,
    0x60, 0x00, 0x00, 0xff, 0x60, 0x00, 0x00, 0xff, 0x60, 0x00, 0x00, 0xff,
    0x60, 0x00, 0x00, 0xff, 0x60, 0x00, 0x00, 0xff, 0x60, 0x00, 0x00, 0xff,
    0x60, 0x00, 0x00, 0xff, 0x60, 0x00, 0x00, 0xff, 0x60, 0x00, 0x00, 0xff,
    0x60, 0x00, 0x00, 0xff, 0x60, 0x00, 0x00, 0xff, 0x60, 0x00, 0x00, 0xff,
    0x60, 0x00, 0x00, 0xff, 0x60, 0x00, 0x00, 0xff, 0x60, 0x00, 0x00, 0xff,
    0x60, 0x00, 0x00, 0xff, 0x60, 0x00, 0x00, 0xff, 0x60, 0x00, 0x00, 0xff,
    0x60, 0x00, 0x00, 0xff, 0x60, 0x00, 0x00, 0xff, 0x60, 0x00, 0x00, 0xff,
    0x60, 0x00, 0x00, 0xff, 0x60, 0x00, 0x00, 0xff, 0x60, 0x00, 0x00, 0xff,
    0x60, 0x00, 0x00, 0xff, 0x60, 0x00, 0x00, 0xff, 0x60, 0x00, 0x00, 0xff,
    0x60, 0x00, 0x00, 0xff, 0x60, 0x00, 0x00, 0xff, 0x60, 0x00, 0x00, 0xff,
    0x60, 0x00, 0x00, 0xff, 0x60, 0x00, 0x00, 0xff, 0x60, 0x00, 0x00, 0xff,
    0x60, 0x00, 0x00, 0xff, 0x60, 0x00, 0x00, 0xff, 0x60, 0x00, 0x00, 0xff,
    0x60, 0x00, 0x00, 0xff, 0x60, 0x00, 0x00, 0xff, 0x60, 0x00, 0x00, 0xff,
    0x60, 0x00, 0x00, 0xff, 0x60, 0x00, 0x00, 0xff, 0x60, 0x00, 0x00, 0xff,
    0x60, 0x00, 0x00, 0xff, 0x60, 0x00, 0x00, 0xff, 0x60, 0x00, 0x00, 0xff,
    0x60, 0x00, 0x00, 0xff, 0x60, 0x00, 0x00, 0xff, 0x60, 0x00, 0x00, 0xff,
    0x60, 0x00, 0x00, 0xff, 0x60, 0x00, 0x00, 0xff, 0x60, 0x00, 0x00, 0xff,
    0x60, 0x00, 0x00, 0xff, 0x60, 0x00, 0x00, 0xff, 0x60, 0x00, 0x00, 0xff,
    0x60, 0x00, 0x00, 0xff, 0x60, 0x00, 0x00, 0xff, 0x60, 0x00, 0x00, 0xff,
    0x60, 0x00, 0x00, 0xff, 0x60, 0x00, 0x00, 0xff, 0x60, 0x00, 0x00, 0xff,
    0x60, 0x00, 0x00, 0xff, 0x00, 0x00, 0x00, 0x00, 0x00, 0x00, 0x00, 0x00,
    0x00, 0x00, 0x00, 0x00, 0x00, 0x00, 0x00, 0x00, 0x00, 0x00, 0x00, 0x00,
    0x00, 0x00, 0x00, 0x00, 0x00, 0x00, 0x00, 0x00, 0x00, 0x00, 0x00, 0x00,
    0x00, 0x00, 0x00, 0x00, 0x00, 0x00, 0x00, 0x00, 0x00, 0x00, 0x00, 0x00,
    0x00, 0x00, 0x00, 0x00, 0x00, 0x00, 0x00, 0x00, 0x00, 0x00, 0x00, 0x00,
    0x00, 0x00, 0x00, 0x00, 0x00, 0x00, 0x00, 0x00, 0x00, 0x00, 0x00, 0x00,
    0x00, 0x00, 0x00, 0x00, 0x00, 0x00, 0x00, 0x00, 0x00, 0x00, 0x00, 0x00,
    0x00, 0x00, 0x00, 0x00, 0x00, 0x00, 0x00, 0x00, 0x00, 0x00, 0x00, 0x00,
    0x00, 0x00, 0x00, 0x00, 0x00, 0x00, 0x00, 0x00, 0x00, 0x00, 0x00, 0x00,
    0x00, 0x00, 0x00, 0x00, 0x00, 0x00, 0x00, 0x00, 0x00, 0x00, 0x00, 0x00,
    0x00, 0x00, 0x00, 0x00, 0x00, 0x00, 0x00, 0x00, 0x00, 0x00, 0x00, 0x00,
    0x00, 0x00, 0x00, 0x00, 0x00, 0x00, 0x00, 0x00, 0x00, 0x00, 0x00, 0x00,
    0x00, 0x00, 0x00, 0x00, 0x00, 0x00, 0x00, 0x00, 0x00, 0x00, 0x00, 0x00,
    0x00, 0x00, 0x00, 0x00, 0x00, 0x00, 0x00, 0x00, 0x00, 0x00, 0x00, 0x00,
    0x00, 0x00, 0x00, 0x00, 0x00, 0x00, 0x00, 0x00, 0x00, 0x00, 0x00, 0x00,
    0x00, 0x00, 0x00, 0x00, 0x00, 0x00, 0x00, 0x00, 0x00, 0x00, 0x00, 0x00,
    0x00, 0x00, 0x00, 0x00, 0x00, 0x00, 0x00, 0x00, 0x00, 0x00, 0x00, 0x00,
    0x00, 0x00, 0x00, 0x00, 0x00, 0x00, 0x00, 0x00, 0x00, 0x00, 0x00, 0x00,
    0x00, 0x00, 0x00, 0x00, 0x00, 0x00, 0x00, 0x00, 0x00, 0x00, 0x00, 0x00,
    0x00, 0x00, 0x00, 0x00, 0x00, 0x00, 0x00, 0x00, 0x00, 0x00, 0x00, 0x00,
    0x00, 0x00, 0x00, 0x00, 0x00, 0x00, 0x00, 0x00, 0x00, 0x00, 0x00, 0x00,
    0x00, 0x00, 0x00, 0x00, 0x00, 0x00, 0x00, 0x00, 0x00, 0x00, 0x00, 0x00,
    0x00, 0x00, 0x00, 0x00, 0x00, 0x00, 0x00, 0x00, 0x00, 0x00, 0x00, 0x00,
    0x00, 0x00, 0x00, 0x00, 0x00, 0x00, 0x00, 0x00, 0x00, 0x00, 0x00, 0x00,
    0x00, 0x00, 0x00, 0x00, 0x00, 0x00, 0x00, 0x00, 0x00, 0x00, 0x00, 0x00,
    0x00, 0x00, 0x00, 0x00, 0x00, 0x00, 0x00, 0x00, 0x00, 0x00, 0x00, 0x00,
    0x00, 0x00, 0x00, 0x00, 0x00, 0x00, 0x00, 0x00, 0x00, 0x00, 0x00, 0x00,
    0x00, 0x00, 0x00, 0x00, 0x00, 0x00, 0x00, 0x00, 0x00, 0x00, 0x00, 0x00,
    0x00, 0x00, 0x00, 0x00, 0x00, 0x00, 0x00, 0x00, 0x00, 0x00, 0x00, 0x00,
    0x00, 0x00, 0x00, 0x00, 0x00, 0x00, 0x00, 0x00, 0x00, 0x00, 0x00, 0x00,
    0x00, 0x00, 0x00, 0x00, 0x00, 0x00, 0x00, 0x00, 0x00, 0x00, 0x00, 0x00,
    0x00, 0x00, 0x00, 0x00, 0x00, 0x00, 0x00, 0x00, 0x00, 0x00, 0x00, 0x00,
    0x00, 0x00, 0x00, 0x00, 0x00, 0x00, 0x00, 0x00, 0x00, 0x00, 0x00, 0x00,
    0x00, 0x00, 0x00, 0x00, 0x00, 0x00, 0x00, 0x00, 0x00, 0x00, 0x00, 0x00,
    0x00, 0x00, 0x00, 0x00, 0x00, 0x00, 0x00, 0x00, 0x00, 0x00, 0x00, 0x00,
    0x00, 0x00, 0x00, 0x00, 0x00, 0x00, 0x00, 0x00, 0x00, 0x00, 0x00, 0x00,
    0x00, 0x00, 0x00, 0x00, 0x00, 0x00, 0x00, 0x00, 0x00, 0x00, 0x00, 0x00,
    0x00, 0x00, 0x00, 0x00, 0x00, 0x00, 0x00, 0x00, 0x00, 0x00, 0x00, 0x00,
    0x00, 0x00, 0x00, 0x00, 0x00, 0x00, 0x00, 0x00, 0x00, 0x00, 0x00, 0x00,
    0x00, 0x00, 0x00, 0x00, 0x00, 0x00, 0x00, 0x00, 0x00, 0x00, 0x00, 0x00,
    0x00, 0x00, 0x00, 0x00, 0x00, 0x00, 0x00, 0x00, 0x00, 0x00, 0x00, 0x00,
    0x00, 0x00, 0x00, 0x00, 0x00, 0x00, 0x00, 0x00, 0x00, 0x00, 0x00, 0x00,
    0x00, 0x00, 0x00, 0x00, 0x00, 0x00, 0x00, 0x00, 0x00, 0x00, 0x00, 0x00,
    0x00, 0x00, 0x00, 0x00, 0x00, 0x00, 0x00, 0x00, 0x00, 0x00, 0x00, 0x00,
    0x00, 0x00, 0x00, 0x00, 0x00, 0x00, 0x00, 0x00, 0x00, 0x00, 0x00, 0x00,
    0x00, 0x00, 0x00, 0x00, 0x00, 0x00, 0x00, 0x00, 0x00, 0x00, 0x00, 0x00,
    0x00, 0x00, 0x00, 0x00, 0x00, 0x00, 0x00, 0x00, 0x00, 0x00, 0x00, 0x00,
    0x00, 0x00, 0x00, 0x00, 0x00, 0x00, 0x00, 0x00, 0x00, 0x00, 0x00, 0x00,
    0x00, 0x00, 0x00, 0x00, 0x00, 0x00, 0x00, 0x00, 0x00, 0x00, 0x00, 0x00,
    0x00, 0x00, 0x00, 0x00, 0x00, 0x00, 0x00, 0x00, 0x00, 0x00, 0x00, 0x00,
    0x00, 0x00, 0x00, 0x00, 0x00, 0x00, 0x00, 0x00, 0x00, 0x00, 0x00, 0x00,
    0x00, 0x00, 0x00, 0x00, 0x00, 0x00, 0x00, 0x00, 0x00, 0x00, 0x00, 0x00,
    0x00, 0x00, 0x00, 0x00, 0x00, 0x00, 0x00, 0x00, 0x00, 0x00, 0x00, 0x00,
    0x00, 0x00, 0x00, 0x00, 0x00, 0x00, 0x00, 0x00, 0x00, 0x00, 0x00, 0x00,
    0x00, 0x00, 0x00, 0x00, 0x00, 0x00, 0x00, 0x00, 0x00, 0x00, 0x00, 0x00,
    0x00, 0x00, 0x00, 0x00, 0x00, 0x00, 0x00, 0x00, 0x00, 0x00, 0x00, 0x00,
    0x00, 0x00, 0x00, 0x00, 0x00, 0x00, 0x00, 0x00, 0x00, 0x00, 0x00, 0x00,
    0x00, 0x00, 0x00, 0x00, 0x00, 0x00, 0x00, 0x00, 0x00, 0x00, 0x00, 0x00,
    0x00, 0x00, 0x00, 0x00, 0x00, 0x00, 0x00, 0x00, 0x00, 0x00, 0x00, 0x00,
    0x00, 0x00, 0x00, 0x00, 0x00, 0x00, 0x00, 0x00, 0x00, 0x00, 0x00, 0x00,
    0x00, 0x00, 0x00, 0x00, 0x00, 0x00, 0x00, 0x00, 0x00, 0x00, 0x00, 0x00,
    0x00, 0x00, 0x00, 0x00, 0x00, 0x00, 0x00, 0x00, 0x00, 0x00, 0x00, 0x00,
    0x00, 0x00, 0x00, 0x00, 0x00, 0x00, 0x00, 0x00, 0x00, 0x00, 0x00, 0x00,
    0x00, 0x00, 0x00, 0x00, 0x00, 0x00, 0x00, 0x00, 0x00, 0x00, 0x00, 0x00,
    0x00, 0x00, 0x00, 0x00, 0x00, 0x00, 0x00, 0x00, 0x00, 0x00, 0x00, 0x00,
    0x00, 0x00, 0x00, 0x00, 0x00, 0x00, 0x00, 0x00, 0x00, 0x00, 0x00, 0x00,
    0x00, 0x00, 0x00, 0x00, 0x00, 0x00, 0x00, 0x00, 0x00, 0x00, 0x00, 0x00,
    0x00, 0x00, 0x00, 0x00, 0x00, 0x00, 0x00, 0x00, 0x00, 0x00, 0x00, 0x00,
    0x00, 0x00, 0x00, 0x00, 0x00, 0x00, 0x00, 0x00, 0x00, 0x00, 0x00, 0x00,
    0x00, 0x00, 0x00, 0x00, 0x00, 0x00, 0x00, 0x00, 0x00, 0x00, 0x00, 0x00,
    0x00, 0x00, 0x00, 0x00, 0x00, 0x00, 0x00, 0x00, 0x00, 0x00, 0x00, 0x00,
    0x00, 0x00, 0x00, 0x00, 0x00, 0x00, 0x00, 0x00, 0x00, 0x00, 0x00, 0x00,
    0x00, 0x00, 0x00, 0x00, 0x00, 0x00, 0x00, 0x00, 0x00, 0x00, 0x00, 0x00,
    0x00, 0x00, 0x00, 0x00, 0x00, 0x00, 0x00, 0x00, 0x00, 0x00, 0x00, 0x00,
    0x00, 0x00, 0x00, 0x00, 0x00, 0x00, 0x00, 0x00, 0x00, 0x00, 0x00, 0x00,
    0x00, 0x00, 0x00, 0x00, 0x00, 0x00, 0x00, 0x00, 0x00, 0x00, 0x00, 0x00,
    0x00, 0x00, 0x00, 0x00, 0x00, 0x00, 0x00, 0x00, 0x00, 0x00, 0x00, 0x00,
    0x00, 0x00, 0x00, 0x00, 0x00, 0x00, 0x00, 0x00, 0x00, 0x00, 0x00, 0x00,
    0x00, 0x00, 0x00, 0x00, 0x00, 0x00, 0x00, 0x00, 0x00, 0x00, 0x00, 0x00,
    0x00, 0x00, 0x00, 0x00, 0x00, 0x00, 0x00, 0x00, 0x00, 0x00, 0x00, 0x00,
    0x00, 0x00, 0x00, 0x00, 0x00, 0x00, 0x00, 0x00, 0x00, 0x00, 0x00, 0x00,
    0x00, 0x00, 0x00, 0x00, 0x00, 0x00, 0x00, 0x00, 0x00, 0x00, 0x00, 0x00,
    0x00, 0x00, 0x00, 0x00, 0x00, 0x00, 0x00, 0x00, 0x00, 0x00, 0x00, 0x00,
    0x00, 0x00, 0x00, 0x00, 0x00, 0x00, 0x00, 0x00, 0x00, 0x00, 0x00, 0x00,
    0x00, 0x00, 0x00, 0x00, 0x00, 0x00, 0x00, 0x00, 0x00, 0x00, 0x00, 0x00,
    0x00, 0x00, 0x00, 0x00, 0x00, 0x00, 0x00, 0x00, 0x00, 0x00, 0x00, 0x00,
    0x00, 0x00, 0x00, 0x00, 0x00, 0x00, 0x00, 0x00, 0x00, 0x00, 0x00, 0x00,
    0x00, 0x00, 0x00, 0x00, 0x00, 0x00, 0x00, 0x00, 0x00, 0x00, 0x00, 0x00,
    0x00, 0x00, 0x00, 0x00, 0x00, 0x00, 0x00, 0x00, 0x00, 0x00, 0x00, 0x00,
    0x00, 0x00, 0x00, 0x00, 0x00, 0x00, 0x00, 0x00, 0x00, 0x00, 0x00, 0x00,
    0x00, 0x00, 0x00, 0x00, 0x00, 0x00, 0x00, 0x00, 0x00, 0x00, 0x00, 0x00,
    0x00, 0x00, 0x00, 0x00, 0x00, 0x00, 0x00, 0x00, 0x00, 0x00, 0x00, 0x00,
    0x00, 0x00, 0x00, 0x00, 0x00, 0x00, 0x00, 0x00, 0x00, 0x00, 0x00, 0x00,
    0x00, 0x00, 0x00, 0x00, 0x00, 0x00, 0x00, 0x00, 0x00, 0x00, 0x00, 0x00,
    0x00, 0x00, 0x00, 0x00, 0x00, 0x00, 0x00, 0x00, 0x00, 0x00, 0x00, 0x00,
    0x00, 0x00, 0x00, 0x00, 0x00, 0x00, 0x00, 0x00, 0x00, 0x00, 0x00, 0x00,
    0x00, 0x00, 0x00, 0x00, 0x00, 0x00, 0x00, 0x00, 0x00, 0x00, 0x00, 0x00,
    0x00, 0x00, 0x00, 0x00, 0x00, 0x00, 0x00, 0x00, 0x00, 0x00, 0x00, 0x00,
    0x00, 0x00, 0x00, 0x00, 0x00, 0x00, 0x00, 0x00, 0x00, 0x00, 0x00, 0x00,
    0x00, 0x00, 0x00, 0x00, 0x00, 0x00, 0x00, 0x00, 0x00, 0x00, 0x00, 0x00,
    0x00, 0x00, 0x00, 0x00, 0x00, 0x00, 0x00, 0x00, 0x00, 0x00, 0x00, 0x00,
    0x00, 0x00, 0x00, 0x00, 0x00, 0x00, 0x00, 0x00, 0x00, 0x00, 0x00, 0x00,
    0x00, 0x00, 0x00, 0x00, 0x00, 0x00, 0x00, 0x00, 0x00, 0x00, 0x00, 0x00,
    0x00, 0x00, 0x00, 0x00, 0x00, 0x00, 0x00, 0x00, 0x00, 0x00, 0x00, 0x00,
    0x00, 0x00, 0x00, 0x00, 0x00, 0x00, 0x00, 0x00, 0x00, 0x00, 0x00, 0x00,
    0x00, 0x00, 0x00, 0x00, 0x00, 0x00, 0x00, 0x00, 0x00, 0x00, 0x00, 0x00,
    0x00, 0x00, 0x00, 0x00, 0x00, 0x00, 0x00, 0x00, 0x00, 0x00, 0x00, 0x00,
    0x00, 0x00, 0x00, 0x00, 0x00, 0x00, 0x00, 0x00, 0x00, 0x00, 0x00, 0x00,
    0x00, 0x00, 0x00, 0x00, 0x00, 0x00, 0x00, 0x00, 0x00, 0x00, 0x00, 0x00,
    0x00, 0x00, 0x00, 0x00, 0x00, 0x00, 0x00, 0x00, 0x00, 0x00, 0x00, 0x00,
    0x00, 0x00, 0x00, 0x00, 0x00, 0x00, 0x00, 0x00, 0x00, 0x00, 0x00, 0x00,
    0x00, 0x00, 0x00, 0x00, 0x00, 0x00, 0x00, 0x00, 0x00, 0x00, 0x00, 0x00,
    0x00, 0x00, 0x00, 0x00, 0x00, 0x00, 0x00, 0x00, 0x00, 0x00, 0x00, 0x00,
    0x00, 0x00, 0x00, 0x00, 0x00, 0x00, 0x00, 0x00, 0x00, 0x00, 0x00, 0x00,
    0x00, 0x00, 0x00, 0x00, 0x00, 0x00, 0x00, 0x00, 0x00, 0x00, 0x00, 0x00,
    0x00, 0x00, 0x00, 0x00, 0x00, 0x00, 0x00, 0x00, 0x00, 0x00, 0x00, 0x00,
    0x00, 0x00, 0x00, 0x00, 0x00, 0x00, 0x00, 0x00, 0x00, 0x00, 0x00, 0x00,
    0x00, 0x00, 0x00, 0x00, 0x00, 0x00, 0x00, 0x00, 0x00, 0x00, 0x00, 0x00,
    0x00, 0x00, 0x00, 0x00, 0x00, 0x00, 0x00, 0x00, 0x00, 0x00, 0x00, 0x00,
    0x00, 0x00, 0x00, 0x00, 0x00, 0x00, 0x00, 0x00, 0x00, 0x00, 0x00, 0x00,
    0x00, 0x00, 0x00, 0x00, 0x00, 0x00, 0x00, 0x00, 0x00, 0x00, 0x00, 0x00,
    0x00, 0x00, 0x00, 0x00, 0x00, 0x00, 0x00, 0x00, 0x00, 0x00, 0x00, 0x00,
    0x00, 0x00, 0x00, 0x00, 0x00, 0x00, 0x00, 0x00, 0x00, 0x00, 0x00, 0x00,
    0x00, 0x00, 0x00, 0x00, 0x00, 0x00, 0x00, 0x00, 0x00, 0x00, 0x00, 0x00,
    0x00, 0x00, 0x00, 0x00, 0x00, 0x00, 0x00, 0x00, 0x00, 0x00, 0x00, 0x00,
    0x00, 0x00, 0x00, 0x00, 0x00, 0x00, 0x00, 0x00, 0x00, 0x00, 0x00, 0x00,
    0x00, 0x00, 0x00, 0x00, 0x00, 0x00, 0x00, 0x00, 0x00, 0x00, 0x00, 0x00,
    0x00, 0x00, 0x00, 0x00, 0x00, 0x00, 0x00, 0x00, 0x00, 0x00, 0x00, 0x00,
    0x00, 0x00, 0x00, 0x00, 0x00, 0x00, 0x00, 0x00, 0x00, 0x00, 0x00, 0x00,
    0x00, 0x00, 0x00, 0x00, 0x00, 0x00, 0x00, 0x00, 0x00, 0x00, 0x00, 0x00,
    0x00, 0x00, 0x00, 0x00, 0x00, 0x00, 0x00, 0x00, 0x00, 0x00, 0x00, 0x00,
    0x00, 0x00, 0x00, 0x00, 0x00, 0x00, 0x00, 0x00, 0x00, 0x00, 0x00, 0x00,
    0x00, 0x00, 0x00, 0x00, 0x00, 0x00, 0x00, 0x00, 0x00, 0x00, 0x00, 0x00,
    0x00, 0x00, 0x00, 0x00, 0x00, 0x00, 0x00, 0x00, 0x00, 0x00, 0x00, 0x00,
    0x00, 0x00, 0x00, 0x00, 0x00, 0x00, 0x00, 0x00, 0x00, 0x00, 0x00, 0x00,
    0x00, 0x00, 0x00, 0x00, 0x00, 0x00, 0x00, 0x00, 0x00, 0x00, 0x00, 0x00,
    0x00, 0x00, 0x00, 0x00, 0x00, 0x00, 0x00, 0x00, 0x00, 0x00, 0x00, 0x00,
    0x00, 0x00, 0x00, 0x00, 0x00, 0x00, 0x00, 0x00, 0x00, 0x00, 0x00, 0x00,
    0x00, 0x00, 0x00, 0x00, 0x00, 0x00, 0x00, 0x00, 0x00, 0x00, 0x00, 0x00,
    0x00, 0x00, 0x00, 0x00, 0x00, 0x00, 0x00, 0x00, 0x00, 0x00, 0x00, 0x00,
    0x00, 0x00, 0x00, 0x00, 0x00, 0x00, 0x00, 0x00, 0x00, 0x00, 0x00, 0x00,
    0x00, 0x00, 0x00, 0x00, 0x00, 0x00, 0x00, 0x00, 0x00, 0x00, 0x00, 0x00,
    0x00, 0x00, 0x00, 0x00, 0x00, 0x00, 0x00, 0x00, 0x00, 0x00, 0x00, 0x00,
    0x00, 0x00, 0x00, 0x00, 0x00, 0x00, 0x00, 0x00, 0x00, 0x00, 0x00, 0x00,
    0x00, 0x00, 0x00, 0x00, 0x00, 0x00, 0x00, 0x00, 0x00, 0x00, 0x00, 0x00,
    0x00, 0x00, 0x00, 0x00, 0x00, 0x00, 0x00, 0x00, 0x00, 0x00, 0x00, 0x00,
    0x00, 0x00, 0x00, 0x00, 0x00, 0x00, 0x00, 0x00, 0x00, 0x00, 0x00, 0x00,
    0x00, 0x00, 0x00, 0x00, 0x00, 0x00, 0x00, 0x00, 0x00, 0x00, 0x00, 0x00,
    0x00, 0x00, 0x00, 0x00, 0x00, 0x00, 0x00, 0x00, 0x00, 0x00, 0x00, 0x00,
    0x00, 0x00, 0x00, 0x00, 0x00, 0x00, 0x00, 0x00, 0x00, 0x00, 0x00, 0x00,
    0x00, 0x00, 0x00, 0x00, 0x00, 0x00, 0x00, 0x00, 0x00, 0x00, 0x00, 0x00,
    0x00, 0x00, 0x00, 0x00, 0x00, 0x00, 0x00, 0x00, 0x00, 0x00, 0x00, 0x00,
    0x00, 0x00, 0x00, 0x00, 0x00, 0x00, 0x00, 0x00, 0x00, 0x00, 0x00, 0x00,
    0x00, 0x00, 0x00, 0x00, 0x00, 0x00, 0x00, 0x00, 0x00, 0x00, 0x00, 0x00,
    0x00, 0x00, 0x00, 0x00, 0x00, 0x00, 0x00, 0x00, 0x00, 0x00, 0x00, 0x00,
    0x00, 0x00, 0x00, 0x00, 0x00, 0x00, 0x00, 0x00, 0x00, 0x00, 0x00, 0x00,
    0x00, 0x00, 0x00, 0x00, 0x00, 0x00, 0x00, 0x00, 0x00, 0x00, 0x00, 0x00,
    0x00, 0x00, 0x00, 0x00, 0x00, 0x00, 0x00, 0x00, 0x00, 0x00, 0x00, 0x00,
    0x00, 0x00, 0x00, 0x00, 0x00, 0x00, 0x00, 0x00, 0x00, 0x00, 0x00, 0x00,
    0x00, 0x00, 0x00, 0x00, 0x00, 0x00, 0x00, 0x00, 0x00, 0x00, 0x00, 0x00,
    0x00, 0x00, 0x00, 0x00, 0x00, 0x00, 0x00, 0x00, 0x00, 0x00, 0x00, 0x00,
    0x00, 0x00, 0x00, 0x00, 0x00, 0x00, 0x00, 0x00, 0x00, 0x00, 0x00, 0x00,
    0x00, 0x00, 0x00, 0x00, 0x00, 0x00, 0x00, 0x00, 0x00, 0x00, 0x00, 0x00,
    0x00, 0x00, 0x00, 0x00, 0x00, 0x00, 0x00, 0x00, 0x00, 0x00, 0x00, 0x00,
    0x00, 0x00, 0x00, 0x00, 0x00, 0x00, 0x00, 0x00, 0x00, 0x00, 0x00, 0x00,
    0x00, 0x00, 0x00, 0x00, 0x00, 0x00, 0x00, 0x00, 0x00, 0x00, 0x00, 0x00,
    0x00, 0x00, 0x00, 0x00, 0x00, 0x00, 0x00, 0x00, 0x00, 0x00, 0x00, 0x00,
    0x00, 0x00, 0x00, 0x00, 0x00, 0x00, 0x00, 0x00, 0x00, 0x00, 0x00, 0x00,
    0x00, 0x00, 0x00, 0x00, 0x00, 0x00, 0x00, 0x00, 0x00, 0x00, 0x00, 0x00,
    0x00, 0x00, 0x00, 0x00, 0x00, 0x00, 0x00, 0x00, 0x00, 0x00, 0x00, 0x00,
    0x00, 0x00, 0x00, 0x00, 0x00, 0x00, 0x00, 0x00, 0x00, 0x00, 0x00, 0x00,
    0x00, 0x00, 0x00, 0x00, 0x00, 0x00, 0x00, 0x00, 0x00, 0x00, 0x00, 0x00,
    0x00, 0x00, 0x00, 0x00, 0x00, 0x00, 0x00, 0x00, 0x00, 0x00, 0x00, 0x00,
    0x00, 0x00, 0x00, 0x00, 0x00, 0x00, 0x00, 0x00, 0x00, 0x00, 0x00, 0x00,
    0x00, 0x00, 0x00, 0x00, 0x00, 0x00, 0x00, 0x00, 0x00, 0x00, 0x00, 0x00,
    0x00, 0x00, 0x00, 0x00, 0x00, 0x00, 0x00, 0x00, 0x00, 0x00, 0x00, 0x00,
    0x00, 0x00, 0x00, 0x00, 0x00, 0x00, 0x00, 0x00, 0x00, 0x00, 0x00, 0x00,
    0x00, 0x00, 0x00, 0x00, 0x00, 0x00, 0x00, 0x00, 0x00, 0x00, 0x00, 0x00,
    0x00, 0x00, 0x00, 0x00, 0x00, 0x00, 0x00, 0x00, 0x00, 0x00, 0x00, 0x00,
    0x00, 0x00, 0x00, 0x00, 0x00, 0x00, 0x00, 0x00
};
